order_id,product_id,quantity,customer_id,order_date
d48072d4-9578-4e4d-9e53-da30456e6047,5F20WH8YG81,50,01HQP4D6EE3A8FSG5F0T3KVSE2,9/17/2023
14509b97-6017-4b37-baee-d302098569a7,4HX5C11CU64,62,01HQP4D613EQH6W0NSJBRFX5VS,4/30/2023
f1c4c756-8bf3-4fdd-b16d-0b07eac7d171,9VD4P15VY10,75,01HQP4D2VR91YDK4EYJRYD81YN,11/16/2023
ff60b96d-31ae-4299-86f4-0bfd9b582c9b,5RM7QJ7HJ00,100,01HQP4D34RKAV4GDSA9N6E7Y2X,8/4/2023
7b93be0b-618b-47da-9085-e95e5ed066ec,3XV0Y83GH16,13,01HQP4D6MQJYMEWE8YT3TRZVBX,11/18/2023
00f15828-2fea-4fb3-813e-584f8955ceac,6G84F73QC32,87,01HQP4D1B27FPFZV8AC20YY2DV,3/8/2023
44a57c07-45b4-442f-a0ae-b4733e6062dd,6JC3Q31VF15,72,01HQP4D6BSJ2CG9SC48DJRN5YB,8/16/2023
89954c33-6a0a-4148-b360-3b3a0dc05820,7V26T67CM27,55,01HQP4D1857T41245CK7BES2YY,5/11/2023
a22c61c5-c4a4-4331-aa56-162dd8a6cffb,5FN2KY2CA81,16,01HQP4D34Y6W3HTEBCSDMN2BGP,12/2/2023
693787e6-b83c-4efd-8b6c-baba4b07c4e1,6EG3M35QJ73,16,01HQP4D4H7126TPEXY2Z95A7TF,5/27/2023
f986b3c3-25c7-40e3-8375-e1d241dd67f4,6RY9G08JN76,22,01HQP4D5ETXZ7GSVJCQDY5TDXY,2/27/2023
14147ca5-2407-482f-b63e-be6e4ab5a565,9EP3KV1UX48,14,01HQP4D1C72DXR6YYEW50ENRR2,4/1/2023
068a6d3a-4e54-49fb-94f1-6bf2d0b46e69,1EH3EM9GM92,88,01HQP4D3ZTMYN2HNG2Q0NEC1HC,8/2/2023
372c6a7f-7893-4039-ae46-65a22bb147be,7F84K22DW86,66,01HQP4D6DX3GS6KSN8F28EDCN8,11/8/2023
7c41caa5-18b3-470d-8f70-badf62e812c0,4JY2Y28DT07,8,01HQP4D54X29J00GVKTFMTQWK9,10/31/2023
7e497a55-bd2f-484f-911b-cd9bb8efc4fd,9K34PC0NC17,89,01HQP4D34GGQF8RZXYP5JGQXWP,6/24/2023
dce1ab2a-a8ab-4d4e-8b9b-a1defed4c867,6GF5YT9UP23,1,01HQP4D60HXFY94TP8KT575TGN,8/23/2023
43e72366-911f-49c1-8a2f-17ec9c049c83,7MY9RE0CJ22,47,01HQP4D486RZVY7XB4DDHB74BP,3/20/2023
f1de081b-d615-421a-a867-0978422527e8,8EX1MC4KD98,70,01HQP4D323Z52DZTP709PH2SK4,1/20/2024
ea77a4a9-f974-4fb6-821c-63d06e42d0a8,2RA8YW1PG03,54,01HQP4D5B790HX5YT74RTVVCAD,2/23/2024
9ee8632a-a3e0-43ee-b3d0-a2c850ccd89d,2M78UN3VY11,47,01HQP4D18BWJ12Z858VH2FHB2G,11/6/2023
0dbffc92-c5b3-4302-9cdd-9867306e087d,7M69J24AN06,19,01HQP4D4NBPDCJZCRPKNDE5713,9/1/2023
38111950-59e2-439d-ad3e-b20c0c2969ef,4JW8WY9VX25,63,01HQP4D61FMQ4G0Y8NWJJY92C9,5/1/2023
4a18f5df-3536-4059-bfab-0f7b567c873e,4MR5AT4DF56,12,01HQP4D5D66ESPVW9BKP9BQ0G4,10/15/2023
5795eb3c-4acc-45a5-9a57-de8fd0d2a3cc,5Y85J61HT56,76,01HQP4D5AR28THWX89EBXVYGF4,4/7/2023
904f0235-7258-47d6-b6a7-4ba055d45727,5CX1FY4HT78,2,01HQP4D2V9FPZ4D6NJFB3E0EY1,2/26/2024
d3f557e3-0a6d-4fac-ae69-f8f1803880fb,9AA7UX3WY96,12,01HQP4D4RS8548KC13M6ET1SXK,4/28/2023
055fdfe0-dc75-4765-a3e8-bba43c30d135,9MF6C90MA85,8,01HQP4D534AMED8FCR3VRVT8H2,7/16/2023
625b8ea9-4bfe-4f86-8d55-ddf440980266,1HG8WX6MR77,66,01HQP4D1C01PTR7191HA9P5S6B,7/7/2023
4b0faa33-1574-41ab-a7ae-f8aa0ec37eab,9VH4W95EH47,7,01HQP4D5AAV1G5Z53C7NXDHJRY,3/31/2023
bb936a82-9ecf-4890-8ece-155c7cd2c63a,4Q73TC2KC48,100,01HQP4D60KSRN65ZMVCMXG749Z,2/4/2024
7ed71db1-3da9-4448-888f-b9e15c120441,2ME9T12TN91,75,01HQP4D02MXNHYB7D2X4QVVGQB,5/22/2023
6317a3a6-ef7b-495b-97b7-30cee11e68a7,3F60W50FK87,58,01HQP4D601CHWPYBVWCTR21B79,12/30/2023
0716171c-fe6f-4045-8eaa-593eada725d7,7DU4E62WX19,27,01HQP4D6K8C8QB3BF9EG5T834W,9/25/2023
5041986e-9007-40e3-9555-6a3bee54a0f5,3F17KX9AN53,89,01HQP4D32B5QBCF6DWS74SQ93K,7/2/2023
3b7e0324-5f7b-4cef-b036-db6b8088f847,1UT6N62XN60,29,01HQP4CZRPQAT66V0S3ZPQX66H,6/26/2023
addda7a8-7ccd-4b9e-8e89-6a3de16f16ff,8T36UD7KN64,59,01HQP4CZT34M8A42CQY33KHS23,3/22/2023
d1902bce-771f-4c29-86fb-f43560a26b08,9U96Y56XD52,92,01HQP4D5C6MRRXB3V77YZR1DM1,5/22/2023
7124e51d-049a-4120-99cd-258965f9bc5c,3WP3FK6VH82,29,01HQP4D5504BH6SBMYKSRJDJMH,7/13/2023
55d9d77c-3032-4f67-a5c8-74307e84164e,5RT0PY9CT34,90,01HQP4D50SWKJKGEFDN2R2DFCK,5/7/2023
e742c35e-972f-4aee-b434-54161a311721,6AN2GM2DX90,31,01HQP4D4GFQ1XV0P02QPENBGYG,3/17/2023
4c28d405-8514-4639-8ffb-672657cab3bf,9M28ED4UF96,40,01HQP4D51G53538HX1ANJM14NV,10/25/2023
e9424f3e-32a7-4874-8625-c95b95326f99,8TX0FW8UK55,50,01HQP4D6M5N0XP4R9NZZJAF5R5,9/25/2023
1f95bfd1-c9e2-4699-b1f9-3a860ca1f607,7KM9A34RU49,12,01HQP4D537NN4G30BJC2EE8324,6/7/2023
8b63a950-989b-44b0-801d-e6d67bd2636d,8WY7WC5DD53,81,01HQP4D5AHK914V400RDT9ZRY9,9/17/2023
6d976207-4d84-42a8-b62a-62971e7bee85,6CD0D67HH31,27,01HQP4D6BNTWQQ0TGN4KB5NB4S,10/12/2023
175076d9-9fa8-4ccc-a5de-1f9b733ef97c,7JQ2EA1WR13,42,01HQP4D6FT82R95B43M7C64Y3Y,10/12/2023
c93a2241-ed13-451f-a779-37595ebf5943,9XD5A93XT90,7,01HQP4CZSEMT27PCR885R67G5E,4/6/2023
f58db3fb-6f38-4056-b261-6d1b5f69742e,8X78AE5MV02,22,01HQP4D482JVQPQA2SNQ4PV35Z,10/4/2023
82a785ae-76c6-4dd6-838f-3acf53ed1473,7Y02HH9CV04,3,01HQP4D6DGY6XKYS1AHV3CJG7E,12/2/2023
745fb573-a775-45e5-ac03-ace44b906e18,3EX5XD9PY70,100,01HQP4D5B1EHGQWQ2JWJF5GG2C,9/1/2023
5a9cf955-c339-46db-9a97-fd10573afd26,2YX9RF6GV20,56,01HQP4D6PF2Q2V7C9HCXEHXGV7,6/7/2023
994e4d02-30f0-4e0b-8799-1f328c39a969,4PC7AK5AR32,5,01HQP4D6C1GDCT3PK7N3TXDERX,12/1/2023
89dac2fc-2f52-42a9-bba2-14cbf448e8e7,9UV8FV9UV88,48,01HQP4D34PYQCNK67K7G8KNWJC,3/12/2023
226f414e-61e4-4df0-9c12-4af17facf6b0,4XN1F33VN31,10,01HQP4D47T7SQX66VW892DH8GZ,11/22/2023
2e406a70-eaea-4099-a8a5-d89578cab78b,2KT5D78HE91,96,01HQP4D2ZKHNYJ0SA5JR65MQ4W,5/10/2023
e1515de9-3d38-4779-90a7-94cd3a89a891,6GH4W27FV62,80,01HQP4D02ZYRG41QPVRGJQFE1M,1/15/2024
288ed371-8f1e-4fc6-a2e3-2991b9cac107,2A02F93GG22,22,01HQP4D3YRRSGHMMABAHXGDBJ0,1/18/2024
2d908379-37e8-40dd-839a-2724dff02ba7,1Q62PA9NY60,34,01HQP4D619H60543XR7YKDVDC6,9/7/2023
81951583-d686-4ca5-a9a2-d8c10da882b4,8JJ3RD3TH46,41,01HQP4D32XSK20JHS7K5N7KGHP,1/1/2024
2c8a41c5-6add-41bb-8647-1769c1412cc5,3RK9M90EU13,2,01HQP4D18Q0Y2NT5094PRFKB13,6/7/2023
b92e1be2-2bcb-4337-94dc-543a3e093836,9X23YP7GQ06,24,01HQP4D1CBV4FC7XMQ86VSWBZ4,5/12/2023
26a62c82-fed2-4355-b02a-79c86e22c1b2,7M69J24AN06,4,01HQP4D60KSRN65ZMVCMXG749Z,9/16/2023
66d892f7-dbbb-4bf2-bb72-80e8ff87839e,6A01T06YT99,33,01HQP4CZS6TAB42VFCJJSEYVA9,1/1/2024
1d1d3cc4-296f-43b1-b6b1-1e497993316c,8EX1MC4KD98,55,01HQP4D5Z87XTX6QWG916S27C2,11/28/2023
348cddc1-3e0b-4548-b768-0fb2b1c11b9d,1TJ0CN6UM48,57,01HQP4D517PJH9FMCQNW9F4YKD,12/10/2023
0d368843-6b08-4f86-930c-2933a84c0abd,3WC6EG0GQ97,21,01HQP4D2VR91YDK4EYJRYD81YN,5/1/2023
ae42722e-c55d-4820-b5bf-d9bef7035dab,2RA8YW1PG03,4,01HQP4D6KCVMTK079T42ARQEW4,2/3/2024
aab4a0e4-e48a-44e4-b520-e39e0e3e9cc5,4M13FJ7AM24,68,01HQP4D6DCHPDRG10DJF3PPYC3,4/27/2023
f205bc31-4ab5-4111-8e59-4739cfde8250,1UT2E38PD63,6,01HQP4D4W7MJ82GGE9T859HX1S,1/25/2024
7095e625-6f2e-4a2f-a8fb-0d502e91390e,5XH8RC0YD89,88,01HQP4D1C43JTPQ0GFBB6V6PBV,3/17/2023
1ae44764-f6e6-4755-b094-531442b5c7a9,7T63AN6VE16,8,01HQP4D5ENDRBD0TKWR4BEVMRV,7/16/2023
0aa7b3ef-b4c8-4045-a225-7e3e0bf2029b,4UQ6FC8RN11,88,01HQP4D4S1V9ANV9E6YE3GGF1E,6/20/2023
9acf9bf9-9a80-40c6-97ec-8a22dd450c4a,9G80J22PC86,30,01HQP4D6M6DJY0N0FK8DN55SY2,1/22/2024
6d49a3df-dc8f-411b-8f3b-df5dd179e661,2KD0YE8KU77,95,01HQP4D6M5N0XP4R9NZZJAF5R5,8/27/2023
4ef465eb-f76d-4ebd-8815-1d5fd595a5c0,5UA7GX9MY51,78,01HQP4D1CKPXNKVGJ9H70NEBJW,6/30/2023
e9575426-84fb-4dbe-83a3-edc889cc799f,5ND2GP9FU54,6,01HQP4D6FJEMVGS7WS8YWE6C54,5/7/2023
5b1fb205-885f-45b3-91f7-ab1cbae96557,3MX5E76EJ01,35,01HQP4D4GYXJBZD7MS5FVSACVA,4/20/2023
d60425cc-296d-47a5-869c-59041533f5a7,9V33H78WV90,76,01HQP4CZR3WRKYRDP3Z3XWSG42,4/9/2023
e0985bff-af4e-4b0e-b5f2-c59a27b918c8,8QV0KJ2QW80,93,01HQP4D4S35370YXJ2RDS976XH,4/27/2023
6371b0e0-25df-4241-9f1b-e526e961abd0,2UV7WY3QY60,35,01HQP4D5Z5MR0VYT0QEPQEAJMX,4/23/2023
f4e5c57e-cc54-4a3f-aea1-ada78700df0b,4Y92YN8JV13,1,01HQP4D4RS8548KC13M6ET1SXK,8/4/2023
9a97f521-f1e6-45c7-9dc1-2700cbcd996c,4UG0D71QA35,37,01HQP4D6PF2Q2V7C9HCXEHXGV7,5/12/2023
6c3ac051-9d6a-43e2-89d8-f98df4258976,6K27ER7VV62,64,01HQP4D4KWJN8EV22YYYREK0R9,9/1/2023
5aa700dc-67c2-4b3f-a982-88c618ff5172,7DD2XA1KC46,6,01HQP4D1CBV4FC7XMQ86VSWBZ4,4/15/2023
03f2c521-f477-4212-9075-842321cd4269,4Y69D74JG16,59,01HQP4D5CB7TKHQ6DT4YQW4VC9,6/30/2023
4dd208be-b059-4356-a17e-92ce8a1bc1d4,9XD5A93XT90,25,01HQP4CZRVG3332J9V0HN1FCGA,4/13/2023
7f4b9174-0981-4ec8-a923-73524b29e744,7DW0RK9DY74,57,01HQP4D4MV3T2RE094CYEXB2GK,8/2/2023
f104bf61-f61f-4bd8-8976-6f473b9fbbfc,4HX4KD9JX63,89,01HQP4D78TZCX81X42WB78345R,9/7/2023
1050a94c-315c-4047-8c67-e3aab5571464,5RK0M74WH25,62,01HQP4D50GNE125JKRHY1GRJE3,5/12/2023
3de0fafe-ca5d-4cef-a477-18aec15ea39b,6MG9CW7YG47,27,01HQP4D6ATT55282Y7KPF00XGG,7/1/2023
cc960840-4372-4ea7-8718-ae25b3c292e7,5GY4DH2HK47,24,01HQP4D50MPKTFX2F1TWNF75VK,1/31/2024
0008d32f-dd4b-4c6b-a76d-40ef28cfb2db,5GK1Q53WG54,1,01HQP4D32ZY3JD845ANWS440D4,1/8/2024
185835af-1551-4bdc-a759-588874cd197a,7U32RX5FE72,26,01HQP4D5ZJ2F09AKTY30E62J8J,11/10/2023
4a2c62b4-383f-4b18-af2e-f2f2e4a26827,4JP5V57ET01,23,01HQP4D6DJ6NRKNKX6J19P4NKX,2/2/2024
99ed5a4b-205e-40fd-a84b-089ef63c0c38,9RN1FX8YQ02,41,01HQP4D4709BETY52JMDBQF3HP,6/27/2023
fe640da8-145a-4766-a519-f28b9a40f435,4DW4EV0DV51,62,01HQP4D32K0S1FHQPCBHY0A9J3,2/16/2024
03fe6505-7afa-4111-a2e0-10a18aa3cee9,3HC2VK6YR67,36,01HQP4D5A94QWDV58YBY2C66VB,2/14/2024
fb6a830e-bb43-4e7f-b702-f8c8606c1ba9,3G33H31MC57,19,01HQP4D7A5YJAFRYAPG8S7ZJTD,8/31/2023
99fe81e9-c604-4020-bf72-169556746a3c,7T94RE9HJ68,17,01HQP4D5BBN3NGPYNKJ92GKPDN,8/23/2023
d8b43aff-254e-4b4e-9264-f78ced378848,6AF4WH1QJ70,59,01HQP4D6B2HXPGK467NGR81SVC,11/24/2023
d52769f8-c9e0-4ad4-a2b6-b2e4e5d1e694,5C23DE9EF98,97,01HQP4D4N1Q2PAPXNDJ6VXBTAJ,1/14/2024
a218c2cf-7b3f-4c01-beb6-b80fbcfc5703,1XJ8UF2EA82,75,01HQP4D4SMRR63VNR39K9RQBF7,8/30/2023
58fee6a9-9c0c-454a-8f99-50f219d0a8da,5VR6AW6DJ00,39,01HQP4D5ZDW7KCW0EF4HS0NWRY,11/14/2023
0a0bcf58-a8b8-4460-81aa-509e1883baa5,5VX3FJ1AR25,14,01HQP4D4H4B8JF2DE0QZMZRDNB,1/6/2024
ed20ebb6-4448-4c0d-8d10-6334945cf893,9D64DY7MJ42,80,01HQP4D34Y6W3HTEBCSDMN2BGP,11/12/2023
d6d1c0ab-ff58-4568-98ac-10bf5b3a2d97,5QQ7AP1KD79,21,01HQP4D6FJEMVGS7WS8YWE6C54,8/15/2023
e4aeb305-bc08-44ed-9321-e7809788f924,9KY7VP3VM62,72,01HQP4D6JF6C0KA90XZC1NKHVK,7/2/2023
baaf5202-f41c-4b9a-a2b0-97a128b69cf4,9QH7AM4UM93,82,01HQP4D6B525FN6QPS8S1TE0VB,7/13/2023
d2c7f3a1-222d-4589-8d0f-c6913ff7294f,2PW1DT4KV79,45,01HQP4D34PYQCNK67K7G8KNWJC,12/6/2023
833a2643-909d-4e8c-8144-b687b1eebde3,9VH6QD9WX58,59,01HQP4D50TZ4SESWG97AP1WVD9,12/19/2023
74421dab-1f00-4191-bf59-72b16d2d5675,1T77D99QT02,85,01HQP4CZRXFZ5A1FEQCZENWAD2,11/20/2023
244463b8-c29c-4184-95cd-c671dfaa865b,2R47FN8RH78,20,01HQP4D5BXW9BBGA3JM7A6XFND,7/14/2023
43fdd78d-c617-4b03-bf31-56e3412b2f97,4M08E37TH98,27,01HQP4D53FAMBW98YMSJB2Q38T,10/13/2023
485589fc-2a72-45f9-91d1-c58be1f1e90b,2J96WK5EK79,29,01HQP4D4HNF6FJDW2G2GFX10WE,8/20/2023
c061c5c6-c26c-4bfb-960a-fae375154018,8WY6J16VC86,65,01HQP4D59V5WSQ0CBCW5FQTAXN,1/29/2024
08422656-2679-4e75-acd3-8d01343e9699,8V28ED6UQ33,80,01HQP4D2ZMTNCJX4YAD3ZV2GS4,4/13/2023
7a03e686-1df4-44c9-a446-6f665a5205f6,7UK8V82XG36,68,01HQP4D4GD5N1CHTEXRGAGWGQ6,5/21/2023
3c40b211-63b7-49f4-95ca-a8c23d442eaa,6U53N56CA05,58,01HQP4D40C72XTQ4XT96EKJAVB,7/12/2023
bb8e4fad-b3ec-41d1-88da-cb57724565e0,1E26K98QR30,11,01HQP4D60VAM55JBX1A6WCS3YX,9/8/2023
9a3ebaab-484a-420f-8b7e-425775bc13bc,7DH7VD7KF39,87,01HQP4D2W4ASKT45D3ASGG4B4N,8/5/2023
619ff4e1-b6c0-4e4e-84a7-829d2d49c381,6CD0D67HH31,21,01HQP4D30SHXGNSGC1W7C3HWSK,7/12/2023
f3be660a-ab06-411c-a9ef-1264c7e4f0b2,8X36E22TN01,94,01HQP4D2TP66E56ZJRC48SKK77,3/27/2023
bdb1b20d-4015-4099-8078-849ddfd293ba,4HJ1DE9EK10,86,01HQP4D2TEBVRBKV3W36JW8970,1/5/2024
99a1c3c1-9d14-48db-a624-b52ee0855c04,9UQ1FU3JH73,62,01HQP4D6KM454M1ASC2ZHYHG2X,2/18/2024
14393f03-5008-4c2b-9e36-475c488c4a69,1UH9K83DR02,72,01HQP4D346QJPYJ2VW08DB5JTT,3/24/2023
7ab83e90-e3f2-490e-9963-9a7cab53facc,9VH6QD9WX58,4,01HQP4D5B5W2TP9MQGYX3ZMMKK,8/16/2023
ec4d8be6-94ee-429d-ae24-cd7730e512a0,3J45HT4PK51,48,01HQP4D78TZCX81X42WB78345R,8/2/2023
a6755acd-d779-41ed-a7b3-9d8d39ad31a1,2H32AN7AG09,81,01HQP4D60355Z5Q4NKRN3CXCAF,6/19/2023
313fffcd-9e0d-4d03-9068-014a24f558d0,5A39X72UQ59,59,01HQP4D7A7NHVZEW25GDVPJHYS,12/16/2023
68593fd0-6199-48e3-b6ae-02ef001eb064,5GY4DH2HK47,12,01HQP4D54X29J00GVKTFMTQWK9,3/31/2023
5e997801-9763-422c-b261-1ab21a191c8e,7PP3KN6RY01,64,01HQP4D48P0WK5FFKZC5HG0Z24,12/22/2023
bf6d3ec3-1438-4cc6-af18-b46541179a94,7N13TG8TK38,80,01HQP4D4WWC28BH5WV1J69VGT8,9/21/2023
37f6713d-6759-4943-b437-0e98b97ece48,9PE8K99XN74,15,01HQP4D3ZHX6Q8HT4BYDQ32SKX,12/10/2023
1d025796-7ca8-4b90-8437-dbe483a1eb5e,3WC6EG0GQ97,62,01HQP4D5Z87XTX6QWG916S27C2,1/12/2024
67abb575-461d-4eec-966f-edd60f29c4ac,1TM1VP0QE05,75,01HQP4D50054KJBFVMBWNJD917,11/28/2023
16145ec9-9895-4681-b6d3-386d7bad5a90,4D16KV5RE62,98,01HQP4D3ZB6W8PZM6DDRNBMMJF,5/11/2023
b83fd048-80da-426e-89c7-cc5d77735b5d,2AV5UY5QC14,69,01HQP4D4ME57GNXNN4QM0RG1FC,10/4/2023
ab9d0a4e-55a2-414a-afdc-794fecffad48,2E76KY2RJ59,10,01HQP4CZTFTG4F9BVRQ2PKTDWY,12/17/2023
49104769-95de-4913-9c52-589360e07137,4VH6EA3CM55,27,01HQP4D1CY3QB1R4616K2AZKGY,6/26/2023
535b058a-8dda-4d2f-a2eb-562898920871,6R09X61HK18,71,01HQP4CZQNTPTTCBVMCTRTYZ6N,11/9/2023
4398f5a0-6b04-470d-9718-ad8dda5be704,9E74EG7VJ16,53,01HQP4D5BF68E5KBK27ABBX044,4/26/2023
31e36f56-ddb9-46b9-9063-b75a2f3921e3,8NY6KK1JX47,64,01HQP4D6PF2Q2V7C9HCXEHXGV7,7/18/2023
37cf60f4-ff7f-4e9a-8852-5531156a921f,5X25DE9QM11,38,01HQP4D4GM16W4RS90ZJ41X79E,3/18/2023
36242c21-6183-45fa-b921-e0d8070d56d9,6EK3D19PD39,57,01HQP4D5106VVKP4HG2DGX9FWF,1/4/2024
c7edde2c-1172-4aff-bcbc-ec59c09e210f,1GM8PV1NK32,93,01HQP4D4M4BS462897896GE1TX,5/11/2023
44680a38-34ce-4040-abb1-3f4d65b5ad44,9J86W42FW95,27,01HQP4D2VJ6T87S46JE8N03AGF,7/15/2023
9cd745f3-dcec-426a-95cb-35aa110924ca,9DA2NV8MQ06,65,01HQP4D619H60543XR7YKDVDC6,3/23/2023
868c278d-db8f-4f25-96ed-97c9332170aa,2FJ4JP7VG94,65,01HQP4CZSEMT27PCR885R67G5E,7/10/2023
56b5aea1-9a87-41ec-8838-34a530798cc8,9AA7UX3WY96,14,01HQP4D5A02YX4KJF6TXW5YQTZ,2/11/2024
c025f12a-38a9-4df9-9311-bcf303d131d0,2YW8QN5UJ07,42,01HQP4D32Q1QGMJHQBRNAS3382,2/19/2024
e11f1f58-7ded-4d57-b2ec-677fde0f716a,7VQ4V55JX25,7,01HQP4CZRTG3C2Q7YT1XF4FB24,4/14/2023
5c1df8e4-687a-410b-b251-c86b776b1d28,8U34XQ9JY74,60,01HQP4D7A39P0P1D5XK0QKDJYZ,6/10/2023
ec554b87-1d28-423e-8dd2-e6ce30c26258,4VG8JU4NK86,99,01HQP4D592KSP10HK1VB4WCSZP,11/11/2023
1c52bcbb-90b7-4f45-a063-396d95d0bdaa,7YX6JV3VY58,43,01HQP4D6EBMA6FEY5RZW3CKBD7,7/12/2023
5f9427ed-be7d-4230-ae74-7c73469c32d6,9DA2NV8MQ06,75,01HQP4D4W3H22QXDPSVE45PZ70,12/8/2023
83744549-b844-44d3-a594-e7df1cc94d03,8GN7QQ6RG45,36,01HQP4D34KBXWXSWGN70Y4ESV8,5/10/2023
efb16203-df1f-4cac-a181-ea948b906cf1,7GF1QJ0ND29,96,01HQP4D6AE78YJN8MGNQRQK6V1,3/19/2023
a027fa1d-7208-4a22-814a-d99b712e6ac4,2NP0PA0GM23,71,01HQP4D2TEBVRBKV3W36JW8970,8/10/2023
9a0e8d84-6eab-413f-970d-4aae3b285933,4T68J59DE74,18,01HQP4D5DVCVQG2TEP2BJR2J4Y,12/30/2023
e8c2e8d8-b7d4-49de-ba46-c37ac2360129,1EH3EM9GM92,31,01HQP4D4GS7DPAA6FYRDB595G1,11/8/2023
eab60874-7ad3-4c65-ba98-4d0c5d606866,5NX3HA9YU53,39,01HQP4D3ZB6W8PZM6DDRNBMMJF,3/27/2023
ca142707-0769-428e-8a9a-17bba174cf71,9RW5EE1TX99,38,01HQP4D2ZKHNYJ0SA5JR65MQ4W,12/22/2023
68cb2be9-a9cb-4d3d-92a7-daf60e5e8818,2TF0U81WJ25,80,01HQP4D486RZVY7XB4DDHB74BP,6/21/2023
9fec3bef-7a0e-4310-873a-f4e1ff38f3bb,2F79DG9DW86,33,01HQP4D79RCQFK9AK3EM5YBVGD,10/17/2023
544352bd-8ce5-4361-b24d-26dded62f946,2J06NR2VU39,84,01HQP4D60CQMBTNN266YBY3E20,2/1/2024
fdf2b6b5-f16f-4d6a-be45-2a08a139c10b,8U34XQ9JY74,75,01HQP4D34GGQF8RZXYP5JGQXWP,5/4/2023
fa0a133d-cd13-46fb-b11a-4fe92471276c,2H32AN7AG09,80,01HQP4D4WRK64KA7SHGZZRW84C,10/11/2023
9e32ba80-b7db-4bae-9bd8-ddd7215af845,7K16W91DJ79,98,01HQP4D51NB5A44BPCS6Q0JCKM,11/18/2023
0b8f53d5-6909-481e-8045-c43e8adcd4eb,1T42VF8UY49,78,01HQP4D48ZRNKGJT14VZ7BYFMB,1/6/2024
57a88ebf-a649-4a62-8201-58b019261542,1C59U20AX12,53,01HQP4D6DFAW9H9T6P27YN3Y4D,6/14/2023
497d39e0-bfc6-4e9a-a9c3-7c613f1c3ab4,3F14WM3NK44,73,01HQP4D6PPBEXTSZPKWH64AYTT,2/14/2024
06828466-5303-4513-bf7f-1ada5cc75af2,7XY5HD7QU51,51,01HQP4D030S167MTC5XJB1BR89,8/16/2023
144d4ded-5ccc-4116-a354-9d1f9db8d1e9,8NU7RK4CD21,88,01HQP4D5BNFZHNM599DHX2K128,3/14/2023
a9cad87d-3780-45dc-9482-a00e21c51b76,4J84R17QV51,40,01HQP4D2VR91YDK4EYJRYD81YN,9/19/2023
dd5122d1-e328-40f3-9d35-5e4b2829bcf6,3A17JE0DA77,49,01HQP4D332575H31JMAXBTPE68,2/5/2024
c17c68ce-26d7-43ef-9900-b2733aa876a1,8GN6K02FN26,4,01HQP4D4947EJ8QFEWDXAAVHF2,5/6/2023
1b75abcb-b85f-421e-8ac3-1c33324abc98,4K31JY3RT90,23,01HQP4D4H59PYWEN76C44HDSMK,6/12/2023
9b990dda-d23d-43bb-8963-44bd5eedcfec,7VQ4V55JX25,19,01HQP4D2TJ2QRVTJPQE30F821C,12/20/2023
391013d6-1741-40fb-94af-7157e97a72c9,3Q62WA2EU90,18,01HQP4D53MKKN9H2FM2RC6CZ5E,3/30/2023
d7f7f592-8a26-4f7d-97c2-f4e42838a032,4GW3G66FF43,39,01HQP4D50ZS51JAB78PEFPZ3Q2,4/26/2023
379ccf8e-cd3f-49cb-8275-4ccf15a181c3,2FJ4JP7VG94,63,01HQP4D5B6Y710HK4ZQ026CKVQ,6/23/2023
a5224415-cbbd-45c9-b547-30575e9968ef,7V26T67CM27,27,01HQP4D50MZYVQ6ME00EM3E6VE,8/26/2023
ef37ea43-6670-4572-a38a-f57b7165bb05,7MN4N36QQ97,50,01HQP4D5ZXGAKZX2BPXF0YV8VE,8/19/2023
96964336-0a6d-4567-ad5d-f3ed4ec90c9e,9H73JC9XH15,76,01HQP4D4SZBQ3NC59TMMKYHWJD,7/7/2023
ba5badea-2a34-482a-841a-16e68ad1b3da,6N54DH6ER01,49,01HQP4D5ZVK24J6T88T90XXCAM,8/31/2023
388f7fe2-2164-467b-b3ec-daadbc6dcb0f,3CT0TD6MJ43,94,01HQP4D6DX3GS6KSN8F28EDCN8,6/10/2023
7226e876-549e-4207-a740-367389706d19,9DM7G53MX93,19,01HQP4D50AN05XSFM9JHA05RZQ,3/4/2023
3d593659-6673-4b30-ae2c-888f83762bc9,1G66FK9PW28,28,01HQP4D5AMJVY6CMT5VJHMBM8N,3/19/2023
3afe78c6-c05a-442d-a130-90aa249f2480,5ND2GP9FU54,70,01HQP4D1C01PTR7191HA9P5S6B,7/21/2023
c6a6bdd3-26d5-41f1-abed-6550415df61d,2H67N17AT32,43,01HQP4D50P1KKK7JRN3YHKE0P2,8/28/2023
dbd1cf86-5f50-42b6-89f2-aebbeca0ea67,5UD9PK7QN26,86,01HQP4D6QKRR046CBBFNFZA5NR,3/14/2023
5e1d9818-ef8b-4b57-b19a-8b3e3c5d26ef,8WD8RV4YW48,6,01HQP4D5DRBHVB2EKR90AXXXA7,10/16/2023
5d08089b-8c40-4141-910d-99ef66cb8853,8XE4E52XR67,82,01HQP4D507SN9XDAC1TAP0MBG5,3/21/2023
f9fa40d5-1b6d-469b-ada1-16c3ee3fca14,1T30RV9CW41,35,01HQP4D6DTKDJ1NEYR1N6EQE3T,1/30/2024
62f043fc-0f47-45f9-8e46-d4a1a1628f09,7UK8V82XG36,98,01HQP4CZRNT5AHPHSHC6E9MN27,7/14/2023
5f617284-cb7d-48ad-90ae-3db511ae2d2f,6DD0Y32XA96,39,01HQP4D46VN2WPVRE7WMN4WZCR,9/8/2023
dcb764de-9246-4585-a24f-97853f713338,1CQ8A12QV69,33,01HQP4D6AQ84K1H5ZD7B5RC9PR,3/24/2023
6fb153fa-3818-4980-a47c-e4f293a86cef,3K68VA7VG94,17,01HQP4D3ZP519AKKARPX46DK6T,1/13/2024
4dc5ba31-5184-4738-b02e-484960fa98cb,6M65CD8XJ95,49,01HQP4D4GFXSQ7B6M5AWA9E5M8,2/5/2024
feeaba5e-c160-48d8-8a6f-8b1164dcb734,3NJ3EF6TA26,71,01HQP4D4VZM5840N01SRATT8Q1,10/7/2023
5b0f6d58-1669-49e0-8fdb-0e0e28c672b0,2PU8KG8HW91,3,01HQP4D2ZYY4365FQCY13Y0CK7,5/29/2023
b48b2d6f-9360-4731-9278-69d65923c47d,9WQ4KE2UU38,79,01HQP4D4TAGSGNP9DD4CAEE6KP,5/3/2023
212ddc32-7e0e-45d8-b555-f3f42557d8b5,4WR8C81VY42,92,01HQP4D5ETXZ7GSVJCQDY5TDXY,8/21/2023
1b012f4c-72a2-46f9-8748-87506a78bd6b,3HC2VK6YR67,59,01HQP4D2ZKHNYJ0SA5JR65MQ4W,6/29/2023
d7898d60-a393-4528-9dde-77a07065b49e,9M00XM1EY36,20,01HQP4D1CY3QB1R4616K2AZKGY,1/23/2024
e14cecf5-7620-4a21-b00a-1121805e0366,5VX9XC7VG76,10,01HQP4D17VG4JJKNS21MWF59G7,11/23/2023
b457b8c5-78f8-4635-b10f-b7ef2d7e55f5,6R68G35AH58,1,01HQP4D6AXWC96PQPEZ86M61H6,1/5/2024
3b6745da-2e55-4163-acb7-c75412f03fe9,7U63YH0MJ04,38,01HQP4D2TTE0D9HZSECY4VWVAF,11/16/2023
6c4db882-1dd6-4e84-8101-e1077a840199,2FC4UC2WP90,100,01HQP4D5AE1EYB9SAWWHVV8PRX,6/5/2023
e91cc107-657f-47d4-9ea0-806e33fa5c11,1EH3EM9GM92,65,01HQP4D6DDD2NN7RS5DCFS4397,1/4/2024
66f13c9e-d81c-49e9-923c-38b155c1683b,6EJ5TD9PU38,63,01HQP4D18D5CHNJT6JJT9MZVJB,11/8/2023
5658ddd9-6fb2-4466-b730-df3f493616c8,3JH2ER8JH45,25,01HQP4D4MAJVHSJCFAABCZ2SAJ,8/25/2023
26ab107a-d5e2-417c-91ff-0f1f0f2f64af,4W97VK1WR58,66,01HQP4D4WMR9H5BCVJ0GJ3H1DG,11/16/2023
94ef21fc-55ea-409e-8c4b-8fd8f7b57152,8NC3DD5YQ60,41,01HQP4D4H4B8JF2DE0QZMZRDNB,1/9/2024
1ba3f77b-4700-4c55-992f-f0c6551f755a,9V50N37YY07,36,01HQP4CZT68YPNV9P8ZWCJHPST,1/5/2024
d9f5ff7b-4956-4b49-bba0-13d659d60764,4UQ6FC8RN11,15,01HQP4D2ZZ2A77EDMY24YSBCKJ,7/31/2023
12939a20-358c-44ec-becb-ad7f910fb863,7E63R35QM19,29,01HQP4D6PYA2F0A1EZRM9CTFN8,4/22/2023
29e9c860-48df-40ae-bbd2-defafe43f40b,1T34UK0RV06,99,01HQP4D515JMZBTJH7JSSCDMP9,11/16/2023
30a46ac9-d82a-433e-90db-02d7ad4fffcc,5XD6KW3CR36,22,01HQP4D47QFY2QSX1D38BCPZ88,5/8/2023
7d5077be-0db8-4181-86e0-ce37ef02e65a,9QH7AM4UM93,92,01HQP4D6E3Z7YRKKD1N618HRJ5,4/8/2023
048173f8-8ba1-4f11-ad82-4a887a4677fb,3TY8YJ9AH17,99,01HQP4D5ZM5KR6FHQ0KZSFD6S0,10/11/2023
754bfff9-261d-4029-8343-ccef21fa40db,8R36ED1GY20,11,01HQP4D5BF68E5KBK27ABBX044,3/28/2023
1e74a4b1-4268-4c98-82ae-f82d74dc94aa,1CV2UQ3NQ28,14,01HQP4D6DJWKKWCKY4JWDEYD82,2/2/2024
632c316c-c667-412d-925b-bc81ff826c7c,2AV5UY5QC14,65,01HQP4D4GZMTCNSJ0P7GW153PK,8/4/2023
7d81584f-d030-4074-b06f-f5563b49bc5d,9HJ3CN7YQ61,98,01HQP4D51NB5A44BPCS6Q0JCKM,10/22/2023
67b7e9df-f4cf-4e11-8b5d-ce1d6f6f3eb8,3JV5EG1DY65,67,01HQP4D6QPZC5DVTN72QAZ7PQK,2/28/2023
1258ba01-491c-41c9-ad6f-8985bcfb80e6,7JE0R68YH85,93,01HQP4D6FCKXJHEP749D1GRP2M,7/28/2023
579f58ac-e460-4b9f-9db5-ec706c87d7f1,4DW4EV0DV51,42,01HQP4CZS2X92V32176A7S82HK,7/24/2023
728dd61a-4f58-46b0-a634-9ae7d4ff1c37,1J02P78NY81,42,01HQP4CZRAKNBMPC2T19PWMTF2,4/20/2023
404a857a-e1ae-4341-9cc5-df0ab929e6c8,5XP9RM0PV50,52,01HQP4D32SYJ8WVCDBFHQS7SW8,3/2/2023
4293e789-1940-4139-b3b8-34c6c2aa59cd,9X20HX6RX98,32,01HQP4D61H66XGQ7MTNRVCRZZ3,1/22/2024
d6eee2ff-d4c5-47fa-b3ca-379ed394a954,1XD4F86QF89,49,01HQP4D4W0Q1WP9Y4KCNNTFKBP,6/8/2023
7cfb751e-0eaf-46d0-96e5-1460697417ff,1V37YH9EF18,21,01HQP4D5BV1M902CXNZ1HZHSP8,6/5/2023
1e0c7d1c-b835-4023-be84-280f47d0421e,1D38QA0TC15,35,01HQP4D40KWRK2DHSQQV1HHRXH,3/7/2023
7c3e08de-f9e5-4691-abad-1af10a515a89,7TH5TA3NX04,15,01HQP4D6QCVYC8C5YEGSZD8WF1,1/3/2024
90815f98-c3f0-40c2-abc6-a1ec699281b3,5XU0C87XT11,45,01HQP4D6BY8K4MY7283VNBE8N3,10/20/2023
0b21b4e1-46bc-41e2-8e06-63328517fffc,1F29XJ7XA01,21,01HQP4D1CHSYP6DXFG5MH6GR8E,11/13/2023
bd9e9353-0f98-4f66-9a60-5dc974b5826b,6K27ER7VV62,69,01HQP4D179TW3F633CHP57YX53,4/30/2023
40138ed6-3cac-4d6d-af24-8f072ea7633d,6EK3D19PD39,93,01HQP4D79V3JZ4HYEXME27YHJQ,5/22/2023
0dde4c19-fb4f-4f4f-b3c3-42c5151d6180,3V25JC6FH36,20,01HQP4D6F6ZPPAN4N3V2ZQ8F57,12/1/2023
b10c3ce4-8831-4a0c-9a6b-e98696fd625f,9HH2HF5CP91,59,01HQP4D4VZM5840N01SRATT8Q1,6/10/2023
302a9db4-8cb8-4df8-a2d5-624fe6fdb8ef,7W93JF1CD26,94,01HQP4D34BADQXT17J1CPQ64S2,2/10/2024
b428b469-f18d-4ade-80f5-0edf7328bb57,3RN7RF0KW06,41,01HQP4D486RZVY7XB4DDHB74BP,1/24/2024
704f3a2e-e0d0-4c08-98ac-a48158502555,7ND5C56KG13,62,01HQP4D6M89EEBBXVCCQCAW54D,7/13/2023
cda03292-564e-423a-b45d-4a347986d135,4UR1TJ3HT93,49,01HQP4D60762591X0BZ0V1KNRF,2/9/2024
15e7d5cc-049c-436f-b40b-1e69c7b60b65,9AU0PM2YC04,7,01HQP4D02W8E1VCER9PZK5EYDF,10/18/2023
e5a28fbb-9fb9-4e01-b551-3edca8007108,7CD1AG2EY57,31,01HQP4D32Q1QGMJHQBRNAS3382,6/26/2023
65aeb37b-bf13-4cbb-911e-0d6063dcf85c,4YK2K03FR75,84,01HQP4D6M5N0XP4R9NZZJAF5R5,10/8/2023
f04bdd09-5461-4535-9213-1d320d47c213,5VG2H12MG60,52,01HQP4D34PYQCNK67K7G8KNWJC,1/11/2024
a63c6b02-955b-4f7b-9978-d9b93ba82cb5,9JJ8TW0XY32,7,01HQP4D4GDW8HCH45JCQAENH3F,10/19/2023
bee235af-69d1-4b45-ab50-38fb793aaaea,3FE5E06JA65,34,01HQP4D59SV74AKEW69M6MAY9T,11/5/2023
c41ce279-3dfc-44c7-a440-4f7cfd8f19c8,5G07VE3PH98,33,01HQP4D4HBCDMG7ZF5D5FPAFD1,11/18/2023
9924e82b-d274-4ee7-b072-db67547b4693,1TJ0CN6UM48,19,01HQP4D6DX3GS6KSN8F28EDCN8,9/17/2023
03718afe-c1bb-4b2b-a4cc-837087a6bf6d,9KH8Q97GC46,66,01HQP4D5BSWFHK45MM2PYVQXVE,1/5/2024
8e6e6a27-271e-4ee4-a289-4453d5e66ba4,3Y41U74YP74,98,01HQP4D6PHYV1NQ1XVZE9NSMSE,11/20/2023
d19a0905-a23e-443a-9962-a07efd0b780f,4PR8P88AN95,36,01HQP4D6PK41GC568FNYH0HD7H,11/20/2023
d7e354fd-8e2b-4677-8b49-63aecbe4bdbf,6D30QT2RP42,8,01HQP4D61CHW4S3RTHPM9CC8ZB,9/29/2023
143193a7-14ed-47e9-85c3-5d32fa0a4cde,7J20TN5WG61,67,01HQP4D3574CSG2RBDJSC253DT,8/3/2023
251d7b7d-7fd6-415d-8c40-96e6575dac98,8N55YY4QH25,16,01HQP4D5ZJ2F09AKTY30E62J8J,4/29/2023
8812a537-a1de-4c61-8501-0515ae8e9a6b,5P55JQ2HX15,76,01HQP4D50MZYVQ6ME00EM3E6VE,2/4/2024
b06c90c2-9d63-43a0-b626-5182cbc8fd46,6TX2UD3WR44,10,01HQP4D60762591X0BZ0V1KNRF,2/27/2023
92edb890-5e0a-45d9-9637-560d416b205c,3PQ1EE4EV61,64,01HQP4D60A3ANV6QWFRZ5NZ8AZ,12/27/2023
f4426265-0afa-4852-9172-5c77996477bf,3CU3AP9JN52,80,01HQP4D5Z1N2SFXHV73GQDBEMY,9/13/2023
665c0b45-46b4-43bf-a782-adda0f0d9b32,2PA5TG9DR64,90,01HQP4D6KPQV8N13B9NX37PZ7V,6/30/2023
c41f9f28-e016-4083-826c-ed5cc378988e,2YD0HD5AN18,28,01HQP4D4NP48QTBHG3J311TMC2,12/9/2023
db71abc1-4eb6-487b-b242-d53b2fe8063d,2W00GE7VV17,50,01HQP4D4W7MJ82GGE9T859HX1S,6/10/2023
cf5535d4-7bef-4322-adaf-15e7f9dc1d2b,2NE5UU4QW56,84,01HQP4D6PPBEXTSZPKWH64AYTT,5/16/2023
267a8e6c-a560-4059-9fe7-4288b9fd8df5,5JA0YU2UC76,74,01HQP4D4M0RFRS6AQGT047NA6Z,3/23/2023
6c85bf96-4d70-42e7-b5c2-07d8a5c27118,1HG1GD1PJ88,36,01HQP4D4RKE9AK2MBE83DCGABN,1/15/2024
525e8731-42cd-4ea5-ba7e-565bc4c67a28,8YU2FF3EQ40,1,01HQP4D03TMA15PW0K2VGV3D10,7/11/2023
bf1e981e-ef57-49af-b060-9e24fccc6b49,2D27WR0AP23,13,01HQP4D5164VK4QPEJ046NWTFB,1/21/2024
22f4d1e5-8a3a-432d-b824-ed63aa38f7dd,6HC4CR8WG73,98,01HQP4CZRWFWBFMES4C8NXFR4W,11/25/2023
5c0bb2bd-bb51-4885-bc96-8b4767cb85fc,6MK3F54NW66,2,01HQP4D4890K3CWQW2JSP46DSQ,6/2/2023
0634694e-ef27-45c9-abe6-ca44e1eec41f,4K31JY3RT90,81,01HQP4D5EMV1ZV5RX1FD8T5TEE,2/16/2024
7936fcbf-e133-4175-aa86-18e4acb76acc,6EN7VQ7GM83,27,01HQP4D4WJA58B23DAWVK53JC8,6/25/2023
e6c1ff93-cea0-4ae9-8602-9a704a9b5061,9D03HN4JV37,81,01HQP4D6EE3A8FSG5F0T3KVSE2,6/28/2023
66f4d310-ed4b-4c86-9f33-88c4adc0e4eb,3KV3CV8VN77,71,01HQP4D30K28DCFP54ZEY4AV8R,9/30/2023
ecf3b076-8ffe-45fe-afb0-466025eb6655,6AC5RX2RE70,31,01HQP4CZT34M8A42CQY33KHS23,3/14/2023
e6504485-4c38-47b7-a21a-b4419d5aef76,2K42MN4WN05,59,01HQP4D6KPQV8N13B9NX37PZ7V,1/25/2024
07b095b4-054d-47ea-b7a8-6f83550031b1,2DT8DR3GY38,24,01HQP4D17JSSFQBMYKZXMQA4RG,7/18/2023
cb73a2cc-bb56-48c4-868e-95235d40875f,8EG5J46XT51,67,01HQP4D4HNTQPFTPF3WCE24R8M,8/29/2023
044d5dba-3967-4dd5-8f7f-0fb67f5518a2,8Q26TW4HE67,56,01HQP4D4WMR9H5BCVJ0GJ3H1DG,3/10/2023
19179efe-26fd-497a-9d67-6524c302fb8c,2NP0PA0GM23,58,01HQP4D6B525FN6QPS8S1TE0VB,2/24/2024
06adc403-a101-4543-8a2e-238db94d961e,5T77WM5PF62,7,01HQP4D60355Z5Q4NKRN3CXCAF,8/21/2023
5ab938e7-fb45-42b3-86b2-773a9b6c3876,4YV4MF5GK64,28,01HQP4D40P08Y9RY57YCKMVT1V,8/6/2023
b9c895ae-6c2a-4553-9e1a-92dec3aff3f7,6VV3MP1MU77,90,01HQP4D5ZAC2SGW8EHKKN08F31,1/29/2024
87a20c1f-f3b7-4301-864d-5d2257319aa9,1HG1GD1PJ88,28,01HQP4D40FG2ZAAW8E4DE8DF95,5/4/2023
72c4e818-8da3-4b90-ada8-6bf231f4ad4d,4YH9WT7CY30,2,01HQP4D53MKKN9H2FM2RC6CZ5E,9/14/2023
c5f43655-1256-4d84-a4e3-3b74ee87ab57,2A09F31PV59,84,01HQP4D6P5WBMB22JXPW1FXS80,8/6/2023
7af0f4ff-b3f0-49d2-a836-98cc3d35efc6,9H77E43XC06,20,01HQP4D50B56SP473FA7WAVPDZ,8/13/2023
43d556d0-352d-43f4-a12e-4b57acce665a,5P55JQ2HX15,10,01HQP4D5EGM3QH91JC47ACX0EG,3/8/2023
54af6213-081b-4619-abfb-10aa0337a203,4DW4EV0DV51,14,01HQP4D6BQ5VKEMM333NM5X9RY,12/15/2023
ae55a155-a0c9-45d1-b38f-7b93b7b0c5e1,4FX7N47GF59,13,01HQP4D50X4YVYN2NPWPBZT43B,1/21/2024
69a80957-75ae-4ac2-a124-364bed3ea536,3MX5E76EJ01,27,01HQP4D6PK41GC568FNYH0HD7H,6/5/2023
c30165c5-6158-475d-88a1-698a5df49365,9M64R18AK70,95,01HQP4D5106VVKP4HG2DGX9FWF,6/8/2023
cd043614-802e-4a07-9afd-1bc2fe95ec6a,1XD4F86QF89,25,01HQP4D2W3CVBXXZ9ZC6J1HPQA,12/21/2023
6a2f09d1-a060-419c-b866-9bfb824fee84,2D42PD0ED69,44,01HQP4D3ZXB3V4KFR9YNFAPECK,4/25/2023
4f440ea1-49e0-41b5-8aba-47a020de9ae6,1G97DH4PA65,83,01HQP4D30N44VXAM2M7JJ1N63X,5/27/2023
5c140a72-6867-4cb1-bd79-54e413d9a229,3E96HE9NF84,1,01HQP4D5EAY77H0M3BVN4WZ4GQ,8/15/2023
a335c67a-45db-4a5a-a2b8-4009c139e48f,7EX5K85FE37,78,01HQP4D5B5W2TP9MQGYX3ZMMKK,9/10/2023
7b7f5e4b-3deb-408c-83ce-ae9a24252a8d,7EA7H78WP90,10,01HQP4CZS0YZ480ZCZ69S40N3M,8/17/2023
37140132-55e4-44cc-afee-315f5e503a6c,6F45PW9NR03,61,01HQP4D17FMWC793H6Y4RVGFWX,3/5/2023
c5e4c519-050d-4054-8d7c-f0cf113c8003,2K08Q63FC11,92,01HQP4D179TW3F633CHP57YX53,1/14/2024
9822e15e-dd3d-4fab-a44e-b6f4210fb893,8N55YY4QH25,97,01HQP4D54YSMQP43EP8TNQJD6D,2/15/2024
82d04a5b-3f99-4f42-be2e-f7d962bf51eb,2WH2XC7MF47,55,01HQP4D54VYC92C0STGV3G0QTP,10/26/2023
22b0cd09-e117-4b90-8925-bc02c6c496fa,3DA2QA4YH90,88,01HQP4D2TBYAWYY5AFYS7SK90T,11/11/2023
2ad98fd6-b684-46d9-a08d-dc07a3a7c880,5VG2H12MG60,45,01HQP4D5DXQ36R0KA1T6BDJ1JJ,11/3/2023
8427bf66-0e0a-47ba-bbf5-8932658de6f0,1GY1A72KN97,57,01HQP4D40177G35BVC4J35BECE,12/26/2023
154196fb-f9fa-4d6a-b9e1-09ebbfc2cfc6,4GW3G66FF43,20,01HQP4D6M0Y1P41C7KABS57VHD,6/2/2023
7f47979c-ba36-42fa-ad4e-201e46e61183,1Q62PA9NY60,10,01HQP4D5ZPJY9HWZP10ETXPSNP,5/23/2023
86dff88b-664a-4506-813a-0432db070002,5N62VE3WG93,14,01HQP4D18F1CQRFM7HPXV0C0H1,3/31/2023
f0329fb7-5427-4bc4-bb1b-a0a88ac8f2ce,3PA7YU6XY38,16,01HQP4D40FG2ZAAW8E4DE8DF95,10/15/2023
bdb205ae-48bc-42a2-b763-d011a6ca6423,6VP2E03GU76,15,01HQP4D5C5FE93K9PMJKD538R5,2/8/2024
8e0b4bd1-4993-411a-ad7f-7090645bfe54,9MV1GY1VF33,43,01HQP4D34WPH9P66T5152CCDXT,6/15/2023
69fe2066-44d1-4f3a-8751-4ae8ee659106,5QX6J09AE98,24,01HQP4D4GN5B3RYZ8KES366SCT,12/12/2023
6db37062-08de-4384-a2f9-edebc63ce60e,9JU4HR4TK14,81,01HQP4D50S26C2DZXFDZV3WQ50,10/27/2023
7e1c33b6-9a60-40d5-9269-af258ec5aeb3,3N00PW8PX33,17,01HQP4D6AJWW5C55M4N80A6890,6/14/2023
176cd5c6-f445-44f8-9545-a95f42e2ea3e,4GF5YW2KK33,75,01HQP4D6DVT5MVSPHY9QADHZVF,5/10/2023
6b1ddbc3-2067-4ee1-ae33-4841815504c5,6A64CV6CK88,39,01HQP4D6KPQV8N13B9NX37PZ7V,4/15/2023
86383b94-ab1b-446a-b100-ee6aeffaef11,9J86W42FW95,98,01HQP4D6DFAW9H9T6P27YN3Y4D,4/13/2023
c250f151-4b9d-42da-b3c5-3263d9264570,4AW4U30UH90,62,01HQP4D51851DHW22Y9GJFKCYD,3/31/2023
31146ac6-a8be-4911-b340-2ff027f4fb2a,9AU0PM2YC04,29,01HQP4D34F50C7AETX004310EW,1/5/2024
07de224d-997a-43d3-8c69-1ea17d220b95,6K27ER7VV62,52,01HQP4D4H29Z6TYATCN9XQDTKJ,9/6/2023
86c6d292-2de7-4845-834c-677756ec0f31,6F57QG3UE10,20,01HQP4D78TZCX81X42WB78345R,9/19/2023
092f1da5-82df-4b3b-803a-ef9417f13453,9RC2D65MR73,76,01HQP4D6KWAFXXZ9KW80KADWNW,7/7/2023
b737d891-0688-4753-9930-9a4ef7e851a6,9JN5H71KM56,82,01HQP4CZSP222FPEQ23GTSQ51T,6/11/2023
d862d5ca-aefa-41ef-9e30-8399d59ad855,4M59XQ5DU67,18,01HQP4D50MPKTFX2F1TWNF75VK,1/8/2024
0b621a7c-8b40-42ee-a7ff-460dfbaa8624,2KD0YE8KU77,48,01HQP4D610MQ6F5ZJSVC0NAPJC,5/26/2023
6fc26b69-78cd-4230-a2dc-6433b7444e1b,3Q62WA2EU90,57,01HQP4D1CSN7RW4MEC1V7NJGVD,6/19/2023
22524a30-bbef-450b-9083-ba1ac147d3cf,5YM5Q94JW37,16,01HQP4D038Z600N5A1GBB5476W,8/16/2023
24cb7512-6d2b-4723-ba96-c9149056c8cf,5VX9XC7VG76,80,01HQP4D79PWPXRJNFASHJCWKQZ,9/18/2023
1f148f02-e1f8-4b5e-a07f-40e22ace03e8,6G84F73QC32,10,01HQP4D6PR18JT16051Y0PHSNN,9/1/2023
68f1003a-37c3-46ab-ba55-597517ab94bb,8TX0FW8UK55,67,01HQP4D60VAM55JBX1A6WCS3YX,9/2/2023
f955399c-bade-48d9-8f15-61be4ccddffd,9A47ND1PC64,41,01HQP4D3Z4M9KA8T4Q7EC7W42B,9/2/2023
9c933cf9-27f7-4cef-9e4e-3a75416eb88c,7CU1MM5AG33,71,01HQP4D5ZEM1EBTBV8FN79YGVZ,3/12/2023
95ef95f5-f8a8-4786-b6df-8684b167a1ed,2UQ5Q95DW79,19,01HQP4D5504BH6SBMYKSRJDJMH,8/30/2023
ef9ad9ef-233b-4785-b2e0-af61ccc660b6,8EX1MC4KD98,29,01HQP4D53MKKN9H2FM2RC6CZ5E,3/18/2023
a23b8ad7-b72d-4115-9d23-ffee1e6ee078,4JW8WY9VX25,92,01HQP4D4HCEQFN4W70EA8BASSP,6/21/2023
3332fb8f-aa66-469c-bdf1-084f39fb67b4,4GW3G66FF43,1,01HQP4D1CZXXMN26Q1JJ01AEKM,9/16/2023
704d3657-406b-4ad3-85d3-1b61fe990b1c,9C51KG6RU18,90,01HQP4D6QJX1QXBMPQHVM7DCAW,2/26/2024
0c683674-dd4b-4f93-b20a-1e420639a96c,1RE7Y02DG83,74,01HQP4D5BMCSVFR2B8B199C496,4/7/2023
4d7a92a6-9989-44ee-ad1a-6732207faeb0,4JW8WY9VX25,100,01HQP4D6CVM3C226VST3YRE5XX,5/3/2023
19f6b889-d1b4-4c0a-8b25-ea82c0c6d274,6QE6XH8MV68,67,01HQP4D3574CSG2RBDJSC253DT,2/23/2024
f3c3eea5-2490-46c7-ab0a-d2a8dcbcada5,3GX8JH5WK27,44,01HQP4D3YRRSGHMMABAHXGDBJ0,10/25/2023
9d23446f-832b-4f33-b26d-988bea64adc3,7MH5G17KH74,84,01HQP4D507VJM0BBS21WNH8CWP,4/10/2023
b30a4692-4dc6-41f4-a4aa-c08f5698b38f,3F60W50FK87,11,01HQP4D32ZY3JD845ANWS440D4,3/25/2023
daccead0-3b9c-4f7d-9edc-da31bf18ef52,1CH2UU3QV12,48,01HQP4D182QFCNRTQZX009S0SG,11/6/2023
0e11c057-8f78-4ea9-91bd-76536f8a58f3,9E76V77EA17,63,01HQP4D17C5DDJQ51RT9NTPY1W,10/31/2023
2ef7e757-9925-4b6d-b471-d6e121a6f077,5VX3FJ1AR25,16,01HQP4D4H47KFJRB4SK6G6BRQA,12/12/2023
84435fa6-e67a-44a7-81cc-9f12ce4a29f6,9W40NH4GY46,35,01HQP4D6CZR7Q3G7R7M9KVD72B,11/7/2023
dd659162-85b3-4925-9f4f-1e8f6a3a8df4,9CP6E82YU46,15,01HQP4D53Z2YVHDAZTFJD0438T,7/30/2023
0c8c167f-5956-4a77-a7f9-0406c5218f48,2M09VH3RC32,89,01HQP4D5CAAB7844AM7220VCRT,2/15/2024
ddf64227-d009-435c-849f-12e363febbe3,4Y69D74JG16,48,01HQP4D47BSMFF80AHBJEQD8WG,2/17/2024
b45ba3c5-f2de-422c-afdf-b37a2e441e5c,4M59XQ5DU67,31,01HQP4D59G42V758BMGVQJDBTE,4/28/2023
05852ff8-b289-4d83-b882-8c995c24ac1b,6FQ5HU4FP96,53,01HQP4CZR8H55JVBC96KTXYN2J,7/15/2023
23b87ff6-00d9-4af9-a6c3-c87e93eb7663,6EN7VQ7GM83,8,01HQP4D6EBMA6FEY5RZW3CKBD7,4/12/2023
990563bd-0a01-42f2-8a59-e8c2e3e91e99,4UQ6FC8RN11,25,01HQP4D53AEZ373DTF7HQEQ8A1,1/4/2024
ea13555d-5aea-4ef4-b4ce-e1c821c0c19b,4QE1X59JW53,80,01HQP4D5B6Y710HK4ZQ026CKVQ,11/21/2023
1152331a-792a-445b-9238-98059bff5e83,5K83EK9WC34,25,01HQP4D2VZYR34GJH15YNZTNJZ,6/7/2023
b7f3227f-29af-491f-9dcd-d1bc54b4d253,4J54WA8DW30,74,01HQP4D5ERAV5XNSWZZ4N5KD3P,5/6/2023
7523101d-a020-4729-a593-133abfba6030,2QY5P85WE40,58,01HQP4D4HBCDMG7ZF5D5FPAFD1,10/22/2023
d8f4f8af-11f1-4654-b3b0-b45e773d6b2a,1P87GV0MN97,2,01HQP4D518PB35989S90CVEAT4,8/20/2023
7d6f13eb-63e0-439e-9b99-8362a81ad115,3CU3AP9JN52,33,01HQP4D4WHRJ3TD69YPF24PJDJ,7/28/2023
3a0ba63c-63c5-4570-be48-9402dce8b8aa,9D37G76UT96,6,01HQP4D1B27FPFZV8AC20YY2DV,4/3/2023
299a62e9-2d75-4ae6-ba11-156f615df51a,4WR8C81VY42,19,01HQP4D1C2TQDWW3YS72DMEYCT,7/29/2023
b8fa9a06-cab0-42f1-b9ac-387713d98c29,7PP3KN6RY01,51,01HQP4D79ARNP1W1QR0TD9TZB5,3/27/2023
e3b8f31a-fd1e-4f3b-9ca3-a1b064a2c2c3,9D09TR4XH91,63,01HQP4D4HKKPTE8PTFQETWW5A7,2/24/2024
7ced5df6-da67-446a-b955-dc55c6dcaafd,5XD6KW3CR36,7,01HQP4D6M89EEBBXVCCQCAW54D,1/29/2024
3a136a48-34c3-4d34-99d5-087b3f8a3f12,3EX5XD9PY70,49,01HQP4D6JTJKZ6593PWYDC32WE,3/5/2023
6b6e6077-6266-42e6-8236-9d026e0a180e,9G13FT5VM03,21,01HQP4D5ZZKAM3A9H1HRR8VRJ5,1/13/2024
8102cb07-9c21-4e4f-bdb6-e92d6207e2da,2KD0YE8KU77,43,01HQP4D1CFT83HT52FJ09GQZGG,7/6/2023
264eba37-9deb-4f19-a53b-5563a2754cf8,1V21DV5TK91,49,01HQP4D4HE4WJ4D9ZW00KJPGF3,3/13/2023
e5f855e2-7cff-4833-a61e-d5dc23cf4752,2K42MN4WN05,76,01HQP4D48XWWENVPASC5GP7WK3,12/24/2023
a0ce7030-7db8-412a-abca-58ed5be1c9eb,1JK1JQ8VG38,14,01HQP4D6D9Z8ACF5BEBWSJCGB7,7/30/2023
f74c5c14-095b-4eae-959a-a278b85f7775,9H37RG7TK13,4,01HQP4D35AGTABNVNP2M12GX45,4/25/2023
f5068676-bffe-4dd7-aed4-499c1bdd4474,3X93EJ7JE41,52,01HQP4D6E2WM7YK62TZBWSHV0F,1/29/2024
9347ae9b-3c16-4bc2-929e-ff68338891fc,3VG8H71XY20,56,01HQP4D32HRCMHKNT2MRZE4RTD,12/16/2023
195e4a83-2949-4f42-ba5a-483ff84efadc,9X23YP7GQ06,79,01HQP4D18BWJ12Z858VH2FHB2G,10/3/2023
c20bdc2b-5c4b-49d0-be26-1f67667c334c,3XV0Y83GH16,23,01HQP4D30GRG7JFT77G6XN29TB,4/16/2023
63d27cc3-81a3-414d-9ab4-14f2c82e2bee,4KT6H99JJ50,19,01HQP4D6EC6BF6ZMF6H63VC3ZT,10/8/2023
f2fbb003-56bd-486d-ad41-4b39f6d8e58f,6EJ5TD9PU38,89,01HQP4D6Q9M38Q7XWCW1E8MH3Z,2/21/2024
5b05a975-0daa-4e6e-bc60-bcbb9c5651e4,3D89NJ0PJ43,57,01HQP4D4T94BNQDQ3VEA14FPMF,11/6/2023
120148b7-3269-4434-8b27-e3cee5486f13,8CU0G38PR08,75,01HQP4D02H8S7PR99DHAYTSPYW,5/6/2023
d5bb0be5-40c3-4416-9922-b4c93a93f465,7G83AN8DY12,8,01HQP4D4T72D93SP2CWMS108TW,3/25/2023
4294e2c5-5b9a-4669-9116-c5c00d42f701,1G99HH1MV77,20,01HQP4D4SCZJ5T2P2X23NZ63Z2,8/3/2023
1202ece5-636d-4cf5-868b-07495ff5b516,6M65CD8XJ95,19,01HQP4D4H47KFJRB4SK6G6BRQA,11/6/2023
06397d42-8f44-47ae-9414-c1ec827def1f,9D64DY7MJ42,40,01HQP4D4VZM5840N01SRATT8Q1,6/11/2023
5c1cb7ac-9e6d-40ce-ac74-a8abd9b8aec6,6GA6U08EU40,67,01HQP4D50T1S2DY5B4FSGSW4C9,12/18/2023
805d58fd-fa84-47e2-a9f9-a65a7a8e95df,5RT0PY9CT34,26,01HQP4D4M0RFRS6AQGT047NA6Z,6/16/2023
f065417d-c10c-4db0-8b6e-11bedd3f5ba4,1J02P78NY81,54,01HQP4D60SM6RDNRR6EW1XTF9K,8/4/2023
72ee959a-871d-4e42-8664-873bbd9a95e0,4AC6DA1GV75,88,01HQP4D17Q3E3YK5DFP2H2Q5XN,5/16/2023
51d12302-cc87-4894-a2a6-762a194fcd2d,8YF6GE1AP62,87,01HQP4D5A02YX4KJF6TXW5YQTZ,8/1/2023
fe1900f8-cb25-46b6-9fdd-1e8c6a33fcd9,9M00XM1EY36,61,01HQP4D6QAR0FJ1J773NFRK3TC,8/6/2023
340965fa-4637-4ed6-9c63-290efc4451dd,7G71EN8QN56,83,01HQP4D5ZTWKYJ7M48K4EWFV1J,12/15/2023
94df45ad-1d2a-4ce5-ab72-63f34e77b689,5UP3G62WW56,51,01HQP4D6Q7JA9HNFVEFFVH8S3R,3/12/2023
cfa3799c-820f-40d7-ba72-dc97b193f887,5J89MV2FM72,26,01HQP4D4WG8FYV5YRKJW244DD5,11/28/2023
6247d169-8b77-47c1-802c-5460e8f2ad39,5FK3T55MT06,52,01HQP4D4H4B8JF2DE0QZMZRDNB,8/31/2023
1e223db5-b8ae-4e9c-890b-f566463ae4c7,1C59U20AX12,8,01HQP4CZRR1RVKB0AF251YYYXQ,11/6/2023
53a1bdf1-7943-44cd-aecc-fffa7c453d13,8UK4DP0TC90,45,01HQP4D17MK1HDBKAD2C5F0M9H,3/17/2023
8dcf23cc-1ca3-4f68-9dfe-a0750a073bf6,9T59GD7KJ42,96,01HQP4D6G97HT7QDVZRK448ZVS,8/31/2023
867e1b14-6910-436a-b0d4-e9af152b378b,6J34MW9AJ71,83,01HQP4D60VAM55JBX1A6WCS3YX,5/9/2023
ab8d11d3-0133-4c42-848d-73fd39f1a887,9DV4D90KG62,67,01HQP4D4HHZNZXFAVV5T8J57E9,2/21/2024
6b8ea4a1-51c4-4cd3-9151-a42b387d1163,9DV4D90KG62,41,01HQP4D5BFZMKTQPT8KXTSEPKM,3/15/2023
5bbb496e-649d-4b54-a5fe-042642a3df7a,7QY7XJ6JW20,74,01HQP4D5BAZEX5YGEKD0Q3XAC4,10/11/2023
bc6ea103-e58e-4f1a-80c6-225bbd85b701,4Y92YN8JV13,90,01HQP4D50P1KKK7JRN3YHKE0P2,5/11/2023
05ce6c75-4a20-45d9-9497-83392c0b5458,7RN8AD3TC18,44,01HQP4D4M4BS462897896GE1TX,3/28/2023
c47c0d59-2d21-427b-96e8-78b2a74fe5da,3EX5XD9PY70,36,01HQP4D798WSB8VNPPPHYSPHYY,2/11/2024
d005bc9b-65d6-47a5-80a6-d4a8eeb2eb33,4C01HM9NY77,15,01HQP4CZSK1CGWZQRE5C2KJS7F,11/1/2023
e7a2f9a9-25e9-484c-9269-1d290e1ed634,4XR4RP9FY20,32,01HQP4D51KNRW9VE3R05J0WYRJ,9/16/2023
90f091b0-67f4-46f1-b929-8af22ba07408,3E20ER5MH64,70,01HQP4D40MNYJNVB84QQY9A4HX,6/29/2023
0a201af6-56d0-46d1-b5ba-f34b147d273f,1XD3RY1AN26,48,01HQP4D474FYH54NFT5B0KXJAK,11/5/2023
33de08ab-542d-4a11-b2ed-f321fe3da7fe,7HX3MK4PJ68,69,01HQP4D54VYC92C0STGV3G0QTP,2/22/2024
752a40a5-a3e2-468e-a498-034d17b26dfc,8RX2Y69CV88,6,01HQP4D2TGNHS6GGJ9SWN2YKAN,6/24/2023
0063c3f4-a9d2-44f4-a898-8a82cc7adb48,2X83PY5FX89,87,01HQP4D032H10XF8CZHY888BRW,7/26/2023
c3dde098-0445-4ae5-9724-b3e758673f4a,1NK5G14ED79,48,01HQP4D4709BETY52JMDBQF3HP,2/25/2024
9614ad01-8d42-49ce-9082-37bbefa73e1d,5KP0KK4HA28,36,01HQP4D5DCQGAXP791B4S2MDGG,8/30/2023
4e2823f8-7a4a-4476-8879-4beebc92d0e3,3DJ5JP3HW95,16,01HQP4D3ZRCG0P7BTEAK9W7GXK,12/9/2023
5aa12cc8-3634-43ff-9ffe-91033cd75fbc,7V93YV3JX07,18,01HQP4CZTNZ7C1EG36C4ADQYQP,11/17/2023
c0b61d3a-319b-4ba6-85e2-b161a002f224,8N55YY4QH25,84,01HQP4D6Q6B2MT1KEZV1SN7MJM,8/16/2023
b2ecabc6-0010-4595-97f1-71b76b52436b,9M28ED4UF96,99,01HQP4CZRQM3906AZYNEJDQ6WA,8/2/2023
b73f81df-e534-47c0-ada0-e15525818bb7,7FR2W32HC29,21,01HQP4D2TEBVRBKV3W36JW8970,5/26/2023
f7c3aa63-3240-4099-bdee-e7d6ab577c04,7T63AN6VE16,31,01HQP4D4NRDW1PXB9ECGZG0DVD,7/12/2023
b8445d21-ed36-4bd2-8ce7-c0081d368207,9MN2EQ2TG54,83,01HQP4D6DEC466E2P37ZQKCYA7,3/29/2023
cbaa5d36-879f-480d-82f9-bfd6e2721d05,5KR7TJ6FE04,24,01HQP4D478TA6HZGGGVHZR7950,1/4/2024
c2afbc96-01d7-455e-abbf-298508f036f5,7UC5XY7NA95,85,01HQP4D54DPQVEMSXBGQQ73XFR,2/22/2024
1daff4fd-f984-4f29-8ba8-a3fd52917aad,1HG8WX6MR77,70,01HQP4D6E4P2ZHQWQDWF0V6X7S,11/25/2023
6dd289a7-ec62-4a08-a8c8-ec24b0e938cf,8EW4EW8WU39,34,01HQP4D2VG10065GP60QK4M8YM,8/25/2023
72ca6b30-55d0-4909-b3ec-7a224b60d22b,8U42XX2NJ85,88,01HQP4D6P4NPDXRNPWZJWSP8K4,2/1/2024
9f55413f-e014-47b0-8512-02527ef3d295,7JE0R68YH85,31,01HQP4D515JMZBTJH7JSSCDMP9,4/18/2023
04fb44c4-9197-4e8a-a72a-0161da4e0b49,5YC4GM3NR02,67,01HQP4D6QCVYC8C5YEGSZD8WF1,6/23/2023
aa501cca-93e9-451d-9a53-80b074f3bfcf,1QJ7HE2FN41,51,01HQP4D5APNZYFP95MH9J9FZ3G,11/21/2023
dac5cd3c-4b6b-492e-b7d0-75deb8e03779,7JQ2EA1WR13,12,01HQP4D1C72DXR6YYEW50ENRR2,10/13/2023
22560953-2c68-4934-89a3-db81fd2fbb1d,8U55U70XP79,55,01HQP4D5B9WZXV40J2MHB1BAJK,2/9/2024
414e4f38-1c2b-4b49-972b-8bf1a230d926,3UC7JV4FH47,50,01HQP4D40EBTTZYRQRRWC4SFFB,10/31/2023
9acca04b-c867-4217-9858-589b7fef1208,5N62VE3WG93,1,01HQP4D180Q9MWK0TQ9Y4RD7BV,8/4/2023
e875bf60-4e73-4d1b-83aa-b08f31d28010,7J43W84UJ95,75,01HQP4D53PGSEARGGQK2RQKNCZ,4/1/2023
c1b44847-6779-4db5-bc9f-b956369d5a5e,8PE2M70GJ06,53,01HQP4D59MPXE11H1K0E9GXYDN,10/17/2023
4911da5c-4e2b-4377-a60c-2fdddccdd9b1,6VH7HP8GU67,76,01HQP4D5DFM4DH4ZC88R4KZ9R4,4/15/2023
890b7a33-7e5a-4e43-934b-93c609a0503d,1CQ8A12QV69,66,01HQP4D50NK7FX94PHGVXNXHDM,1/7/2024
984deaae-1abb-4f95-adca-4b1d534297d4,6F57QG3UE10,5,01HQP4D5B8WTSEJJXG43FRXFVJ,9/29/2023
2279eef3-050e-4e30-94b1-07ff79c54205,7Y02HH9CV04,31,01HQP4D323Z52DZTP709PH2SK4,6/15/2023
c28db19a-1f6a-46d4-bb3a-34209ee5644a,4N22VJ4HY59,27,01HQP4D35HCVSN92X24BANH67W,7/4/2023
68ed30fe-f887-44ff-94ca-e1e2aeaa9af6,5DG6D43EM04,88,01HQP4D4S1V9ANV9E6YE3GGF1E,8/27/2023
1d160eeb-686e-4de5-9cf8-b78c0032552e,7G71EN8QN56,39,01HQP4D6DHXYP83DFSWG71MEMV,8/29/2023
f14e60a9-4c32-4cf5-a95c-07566454c39d,3DJ5JP3HW95,2,01HQP4D6Q2668QNQZEHKB4YVW8,8/11/2023
d271ebf6-6626-4d76-899c-dbad889ac402,9H56W84PM69,70,01HQP4D6G89VRB9JW4W2ZE1K0T,10/29/2023
ac6cb891-b853-4d2b-a55d-9a061a7aeb1f,9UA0UQ3AG89,71,01HQP4D5BZDQ70F7R1MDAPHC0R,12/13/2023
057d975b-55dd-4ef5-a8f8-4a42bdda5bf9,9RN1FX8YQ02,45,01HQP4D5Z4W847T8R2BAZ6JM3P,12/25/2023
67d2aaf4-fbcf-4308-b87e-5fc362750364,4HX4KD9JX63,63,01HQP4D4WC58BHP4B380RV10S1,2/27/2023
c24b1b04-8f5a-4d05-b418-5d5ad26f7e1b,5Y53PQ9TX40,61,01HQP4D791TPC18S6BK5F1P1BW,3/4/2023
620f1eb9-da04-421e-940b-15e053c98dfb,5T22J33MM56,42,01HQP4D50CF0Y1KC53PXF22QPX,2/18/2024
9b20041e-5876-4339-95dc-49d539ade822,9E45KD5JE22,65,01HQP4D03HXWTXKBCC06S6VWRB,6/24/2023
1096d4c9-d69f-4e94-a48a-2857f35a3517,8C54FW1JW83,25,01HQP4D4TC2MQRAM3JA8TB4XFH,4/15/2023
c73b3a86-5166-4c04-8d70-0541b7a7c512,3J98M89JT89,89,01HQP4D2ZPP4XM2P0CKQDVC4KA,2/18/2024
6aa2ea54-5f9f-4fa5-b080-7d010cc26cf6,3V25JC6FH36,55,01HQP4D6C2S3FQ38RKV2NYP6DV,12/12/2023
aa2eb9f3-308b-40ee-bf4c-beda60667419,8CY3FG2MR62,58,01HQP4D2TY1JZT2RDSN0GC7XMM,6/13/2023
844c7373-cafe-40eb-9045-be0a38a5f487,7F84K22DW86,58,01HQP4D5AWK3CB9BMTXRKK1TNN,10/4/2023
4b11ac3e-c052-4376-a121-03912ce9d16b,9KH8Q97GC46,53,01HQP4D4709BETY52JMDBQF3HP,3/5/2023
8f41ed99-3af9-4525-9698-094205e3383b,5ND2GP9FU54,85,01HQP4D5BE7H36P0HHAH82JK6W,8/21/2023
402ecbfb-22df-4da4-98f7-1239c5b7a7ae,2J96WK5EK79,12,01HQP4D6M5N0XP4R9NZZJAF5R5,4/21/2023
7fa86c07-6746-4370-b4ff-2076985b083c,4JW8WY9VX25,33,01HQP4CZSK1CGWZQRE5C2KJS7F,3/1/2023
2ffc976d-efa9-4bf5-9275-74cd1ed10ddd,7HX3MK4PJ68,87,01HQP4D5Z5MR0VYT0QEPQEAJMX,6/17/2023
33d99b95-4133-46ce-b69a-14634e6ef75a,4XN1F33VN31,62,01HQP4D6G5A1NX4A9Q3YF0C7T7,3/20/2023
aeb93268-4de6-4bf7-9db7-4c0426e83aa6,8HU3R80EV57,53,01HQP4D5EDC0T1VVPTWD6HJ9JS,9/21/2023
498e7172-0690-415d-90a9-0e25935f05f1,2A63VJ2PD11,68,01HQP4D6DZ0B9FDGM7ZCSBM8V8,1/13/2024
2ffee9c6-be40-4dea-bb26-757d9e08aa1f,6QE6XH8MV68,44,01HQP4D5ATHKWYY7S2SKGZ8Z78,2/17/2024
2a61a2e8-756a-4354-907b-b6d5d173a7df,3NE1GA1GH69,25,01HQP4D6DHXYP83DFSWG71MEMV,9/3/2023
d4ae5b25-b08c-4750-a436-10e62e5775f6,6K27ER7VV62,82,01HQP4D188CNH0DZ35AFECANQW,6/23/2023
79d673e8-cbfe-4711-b675-9eb28c516c91,4PM6VE4ND52,39,01HQP4D6DKA7K2AQ25E7V0N220,7/6/2023
22a8fe35-2deb-434a-97a8-302446ae94ce,4KW1PD3YQ23,32,01HQP4D3ZHX6Q8HT4BYDQ32SKX,5/25/2023
84ddeaec-4574-4257-9e87-aa9610d5d650,4YW0C24CR67,80,01HQP4D6GC0SMN3P7WTA7ZYV51,12/25/2023
080d77d1-412d-43d8-8353-ba1aabc4611b,3N81A40MG65,15,01HQP4D4HSE6W9PCKT6PBRMCC7,10/12/2023
2167b907-1e67-4c9a-94b8-fd274a83ff12,5UA7GX9MY51,43,01HQP4D5E6NQBPV3CJQR8T515T,12/22/2023
dbf5e1b3-d7c7-40eb-ae73-6927014c26c6,9VD4P15VY10,83,01HQP4D5127YHQ9RMVXCZ1X5T6,5/1/2023
f1a1044d-9f84-4d29-b9a7-50f3a5f383db,1MT6UA7XK02,70,01HQP4D5CB7TKHQ6DT4YQW4VC9,2/25/2024
0fd247a5-cc17-4e6e-9ce4-f6f33c3ea15b,1UT6N62XN60,59,01HQP4D6FXP31471V7T0SJK30N,9/1/2023
a82bd2ed-681e-474e-b7f8-32c30e5d2058,4QE1X59JW53,43,01HQP4D1D0ZMHFYANSSHBGTM38,4/29/2023
aea7ed72-0ac1-4eb7-9f53-2a3b3004e403,4FX7N47GF59,84,01HQP4D6M6DJY0N0FK8DN55SY2,9/20/2023
23a8fe63-6486-4759-9179-d80a3d709c77,9D37G76UT96,44,01HQP4D5E8V2E5V2AVY3B4G82N,2/16/2024
61333487-3df5-4f24-ade2-d4e181e4945e,2KD0YE8KU77,78,01HQP4D5AGFHAQSGAKK22VXBF5,7/28/2023
5480938b-30a0-4a89-94d5-892e653e012a,5W78VN6QU00,35,01HQP4D02W8E1VCER9PZK5EYDF,5/30/2023
0268f6b3-9931-4e20-94cd-37e2f163046f,9PJ0Q01CJ26,31,01HQP4D6DMBGERD9ZBKEZM2YMQ,11/27/2023
cadcfb4d-962e-4b3a-8e4b-87de35731c85,6JR7AH2CY52,72,01HQP4D509TSWMP49TTBJ56KZD,7/13/2023
362c3a68-e425-4f71-bf89-3d255c9eebf6,5PM7MU4PK12,75,01HQP4D59CFVGRPX44DVPGF45Z,3/30/2023
b281be74-8360-4b50-9e07-d341ec0aee53,1TM1VP0QE05,14,01HQP4D4MWPEZXZN1NSQERHH18,1/6/2024
aa1478ef-b255-4013-869b-9adf42a91b4a,2M78UN3VY11,20,01HQP4D4H7126TPEXY2Z95A7TF,6/22/2023
123109de-7007-48b0-ad71-714d10f328f5,9AU0PM2YC04,85,01HQP4D4VY8TA81C6MCW4QW07Q,5/7/2023
b3298ac0-4c48-4c2d-b5dd-c022233fb5d7,7TH5TA3NX04,40,01HQP4D5ADG024W0B01ZJKGDWA,5/8/2023
947d7321-e0fc-4eac-b109-3393f9893604,1J39C10FT39,15,01HQP4D609K7Q1A39TQBP61WNZ,4/15/2023
e3e0e3fb-b5af-4f3c-b71c-8d20b11a5df0,8JJ5C11DH17,8,01HQP4D6CX8YSXP8H89S0NFEFR,12/3/2023
4cf7cf3d-985e-4038-b71f-a3ff97535eac,1G99HH1MV77,38,01HQP4D4HMZ21Z3G8XTE4JESXR,11/14/2023
6d177e2d-51a2-484d-a382-4426b1941397,2JA5G96EE59,48,01HQP4D61H66XGQ7MTNRVCRZZ3,8/28/2023
9a29b169-d399-4b80-80da-ccc89afc2bba,3EX5XD9PY70,51,01HQP4D48QETRH97NX2V4TB99K,4/2/2023
05378fbc-74b5-4259-b18d-1f6bbf99d919,3NJ3EF6TA26,71,01HQP4D327YTF97P3R681TD4CV,3/23/2023
45c9a8dd-8f45-4caa-81d0-dab032649517,8DM1GT6TC69,73,01HQP4D79ARNP1W1QR0TD9TZB5,12/1/2023
dfcb7cf1-547b-409c-9691-51cff6feb15a,9FP1EQ8NM22,100,01HQP4D4NF8C9Y92K5AF672ME7,12/6/2023
dc09d360-16b5-4f43-8bbc-27817770e778,3JT4DF2GV34,77,01HQP4D50NK7FX94PHGVXNXHDM,5/7/2023
78757b27-fbc4-4b6c-b55a-ab9afa977e4b,1AE7DJ8NM50,55,01HQP4D5127YHQ9RMVXCZ1X5T6,6/12/2023
f365c3d2-858c-4d74-b3ab-275e67228dfa,9CD6D33FA21,19,01HQP4D6E9DZ5XGDFDB5T1RC9S,8/28/2023
2c909241-7930-4a15-9efd-6a6ed3850924,3JH2ER8JH45,99,01HQP4D5B9YM1ZGXXXT8Y9W4W0,5/10/2023
6866517a-7e34-41fc-8854-c8a27c03cd06,3K68VA7VG94,86,01HQP4D5ADG024W0B01ZJKGDWA,5/26/2023
3a38e5da-164f-44d8-bbc0-c5b52734fe77,7MD5TK1FY33,10,01HQP4CZRD490AR0SGWFW21BRY,5/23/2023
fae15e89-6b6a-4977-a8b6-b2db0ee78bcf,1QR6A74PQ08,54,01HQP4CZS5X7K62TYSWB4ZHAHQ,8/11/2023
2a34c773-a085-47ed-93dd-661a88ff9251,8K66J12MH94,45,01HQP4CZQYFPBMK763BTDBQFC7,6/9/2023
0e03a2bb-dc9d-4fe3-9511-5b8bc5e7b03c,2V88C85TT20,40,01HQP4D50QE9M5XYGKCBZ9JW8Q,4/6/2023
5f67d858-8cce-41ca-b6b8-32c5c5ab771e,2VN6Y95NU74,70,01HQP4CZRK05AAAV1MHDDF2VNK,11/20/2023
ec7f246a-90a1-472a-8d5f-c6746b99e6ff,5TY7QQ2YE50,63,01HQP4D50WVDERBA3GYJ0X55E7,11/1/2023
020b84c1-e10d-4d36-8a5f-07901e40a66a,5UA7GX9MY51,52,01HQP4D496M29G2D9YQ3TF6EYX,5/15/2023
85165607-69b3-4f75-91eb-067419001571,5JR7U50TP33,3,01HQP4D6BGCSYFV1M6R73B6ZY7,8/13/2023
2252f760-04de-43e3-8bf6-0c13ea65a4e2,9DM7G53MX93,23,01HQP4D6EAQ5KZV8218WBEQMB4,9/2/2023
51c12eb1-9605-4052-8572-8aea0e96d470,3A17JE0DA77,52,01HQP4D6DQ7NDGS9EJKV9WTRN8,9/26/2023
bc5eb9e5-339f-41fb-ad49-1f93e16329e1,9AU0PM2YC04,50,01HQP4D48HPEF24AA6QEWZFD9P,6/25/2023
c7728f0f-1587-41dc-aa96-410b5b73a5c9,9HN3EY7QK38,12,01HQP4D5ZTWKYJ7M48K4EWFV1J,3/4/2023
9f0c651c-585b-4e5e-a894-3c645d07ecd9,8R82TQ7GK73,42,01HQP4D792GTC7SCF65QYSTQ4E,5/13/2023
51ae41aa-96c7-45b1-aa71-4b4f260ea6ef,6KW4QX9CX24,88,01HQP4D50EBTE0PQQF0W0X96RV,2/27/2023
39e1ad80-f87e-4ec3-9e5f-a48c237e4b77,9J86W42FW95,87,01HQP4D617JEQ067T88Y08N7NR,10/25/2023
777c56b8-009b-430d-b9e6-c122bdadca17,7DP7VU1FH86,20,01HQP4D78WKYWDEGCJE8SH61MC,11/19/2023
0e2be5eb-a420-49e4-9fb3-13584e822918,7DT2YP3XQ61,76,01HQP4D78TZCX81X42WB78345R,5/26/2023
9379717d-3d2b-46c5-af91-ae475247b544,9MC2DU9NW30,3,01HQP4D032H10XF8CZHY888BRW,7/27/2023
6e916d5d-6290-49fa-b4a5-56107b375394,6DW3RE3CE16,36,01HQP4D6E50X0A9S44H518QEGF,1/11/2024
01e5df37-fc0f-4090-9763-8d11666c3bfe,6AF4WH1QJ70,46,01HQP4D3YV46Z93PZWBVQZNVYD,7/28/2023
55b78c96-8e9c-4ddf-9593-00ae8ef753e2,6Y05WR3NQ70,98,01HQP4D4ME57GNXNN4QM0RG1FC,8/12/2023
ed9f3886-2996-4e29-a178-16e19cd00bf3,4YX9RY9VQ64,70,01HQP4D47XDWSFAHPX6DSFPJXX,7/21/2023
202ea378-d29b-49a7-ba21-e0a215ae486c,9DV4D90KG62,73,01HQP4D6BKJTGQH74BP921YAPT,2/10/2024
78d322cf-4f26-470a-83ce-ff952861e387,2N73CW0TM93,97,01HQP4D35JZBWJFRM88TVSA4R2,12/6/2023
99386d74-edb5-458d-ab58-6f79b9dad7cb,7G83AN8DY12,54,01HQP4D17C5DDJQ51RT9NTPY1W,3/29/2023
86914a12-71d4-4284-8e07-1b639fae1054,1V37YH9EF18,57,01HQP4D50JYZ532Q8MWD0PKX1A,1/22/2024
512984e3-c6e5-4b3b-a705-d7bafe71cd95,1M54JA6JH06,92,01HQP4D498AFMAV0YJ1Q3GFQN5,12/6/2023
c35652ff-153d-410f-b097-554d18aa8ab8,9N24D92HH27,54,01HQP4D5ZGG80ZBSQD620FVG2S,2/9/2024
cd04b588-2347-40fd-a3f8-68c96b22b075,1X61T75QJ84,79,01HQP4D4GHK69Z0HE3EWQTCDBM,4/10/2023
648abef5-7fc1-4d9d-abde-547734ac251d,4CU3M24DM48,63,01HQP4D4ND5DGQ95P9ZYWKAYPH,9/21/2023
ba566260-91f0-4a22-9b3a-0b917551e199,5W97KP3HK11,81,01HQP4D34RKAV4GDSA9N6E7Y2X,12/3/2023
f42731d7-f0a1-4330-90a8-2146f215202a,1Q62PA9NY60,71,01HQP4D6MR8QKN37ND0CSF3XSB,8/30/2023
68f567c3-705a-4fa6-8f68-c27eab4875c5,5N47G29HN10,79,01HQP4D4WQ0BNCPCZ9VTXSX17N,12/1/2023
36e52789-c0fd-4be1-b08e-19d5e1bc88bb,9D37G76UT96,81,01HQP4D5C8HK57CP3AK3C3DZXP,1/17/2024
699b02a5-f289-46c5-bfb1-71f9df910686,5GM1CG6PV44,8,01HQP4D47XDWSFAHPX6DSFPJXX,9/14/2023
7193afd9-6d20-41c3-818e-d8a7c08bd31c,3KT7UP5QV76,70,01HQP4D40QK0TH0TB67TSYEQGG,8/22/2023
2e98b09d-3216-495f-839e-6d4318c16083,8XE4E52XR67,2,01HQP4D54RR7VSMZWXAC9VX8QB,5/15/2023
a9f5b7b9-5bf7-4cb2-8426-690a613dd336,2D42PD0ED69,88,01HQP4D5AS2VKW51ZF00REHH7Z,9/27/2023
d0ebcd20-7d53-45cb-ad1d-2f1c137dba57,9F86AQ3EP30,18,01HQP4D4W5NBZTKMEYGET2JK6K,10/28/2023
5d66ae41-4a22-4e84-aeff-f3b523b93464,5VY7PR4QH43,14,01HQP4D50Y527WKGT8R844JFNE,6/4/2023
6edf8a6e-6736-4554-aaa8-37b271669f03,5DG6D43EM04,40,01HQP4D51HMDQXEC94VY7TK73Z,9/3/2023
43455077-cc75-405f-9ca0-7e907743b807,3GH4Y87QH89,80,01HQP4D18D5CHNJT6JJT9MZVJB,2/18/2024
668a875e-b3c2-4424-b113-79e83c7ecdf5,8DA5A02TJ43,8,01HQP4CZREA0PTD94SXP649XNZ,12/21/2023
641e68ee-2e3b-46cc-8f73-7ad989ddfa57,6RD3WT7XU54,49,01HQP4D50054KJBFVMBWNJD917,9/13/2023
707d5d09-31d8-418b-a093-0e5a5e072382,9KH0VA4AN63,92,01HQP4D2V72D1461KYDFR6C8GC,4/5/2023
5ac30415-f4ad-44f8-a070-c55e9a717d03,8JJ3RD3TH46,10,01HQP4D6MG6QDG2XSRC9SXE70B,6/30/2023
d5b57fec-e51e-4934-90f5-4ad699fa45b6,5KP0KK4HA28,99,01HQP4D6GJ4TC98G6ZQYSDF3S2,8/12/2023
55c421c0-a275-4365-b9eb-a2aed5fff181,2UQ5Q95DW79,30,01HQP4D4W9KK9P1EG5PC1M9FX5,3/24/2023
352da304-48ba-469c-baf3-cfdc993b4abb,6MA0DX5AK31,27,01HQP4D5A5EB4MRGAFXD0J2501,7/29/2023
1b0980e7-f662-4bb1-a46c-de25dc7123cc,2YW8QN5UJ07,6,01HQP4D5ADG024W0B01ZJKGDWA,8/1/2023
79edfc29-3c3c-4e43-9598-5aa3ee4e1c5f,5MC8N94EA53,98,01HQP4CZRQM3906AZYNEJDQ6WA,2/8/2024
d9f01bc0-cc27-4dcd-8f5e-f5bd111778a6,8WY6J16VC86,6,01HQP4D6GG30SGNVY3MQV665YE,3/16/2023
a737f024-514c-42e0-8802-8d4f7d12d217,2A09F31PV59,34,01HQP4D6GC0SMN3P7WTA7ZYV51,8/14/2023
581e5d20-413f-48ab-bc3e-e1cf42e3e1a9,7T63AN6VE16,56,01HQP4D5ZZKAM3A9H1HRR8VRJ5,3/10/2023
cc6a3e55-f0a1-47b2-8271-0f5de6eb9d4d,9CR7HT9JA34,41,01HQP4D50G5C7ZJWTP5BXRNTTY,8/7/2023
bd0ff002-3538-4c7d-999f-c4de217ab413,5Y53PQ9TX40,6,01HQP4CZSP222FPEQ23GTSQ51T,9/4/2023
708292f7-33da-4aae-9bda-d9ebdab78501,8DA5A02TJ43,43,01HQP4D54MX9HBVBV1GTGNVRS3,6/30/2023
99576ebd-a46f-4ec7-aae5-d75492992053,6YG3J27KF89,38,01HQP4D7A7NHVZEW25GDVPJHYS,4/21/2023
904eaee9-1346-457c-bf27-aef8a19a3529,6D72PJ3XP41,8,01HQP4D5AMJVY6CMT5VJHMBM8N,11/23/2023
335dd0a0-cd7c-4f0a-946a-d18c94416260,5RD9QM4PE71,92,01HQP4D6M0Y1P41C7KABS57VHD,6/13/2023
803f2ccc-e1b3-448d-9cab-374f938d5f77,6N70GD9KM62,21,01HQP4D40QK0TH0TB67TSYEQGG,11/10/2023
aed05b1e-1c1a-491f-879b-98d26d364e97,2C71W84JQ99,17,01HQP4D5BV1M902CXNZ1HZHSP8,7/26/2023
91ad298b-fb0c-4da0-bc2f-4bc36025583e,3F14WM3NK44,49,01HQP4D60HXFY94TP8KT575TGN,4/18/2023
004023f8-89c0-462d-8d0b-ebdaae4ac544,4KF3TG7CU56,51,01HQP4D5CB7TKHQ6DT4YQW4VC9,11/8/2023
8ee0c254-2fb9-4977-8b88-52ef4ffa576f,8G52AG0XQ10,4,01HQP4CZRK05AAAV1MHDDF2VNK,1/15/2024
7dc78473-5ac1-4b35-b780-f86acf9564c2,3HR9WG3PG74,54,01HQP4D491T0HS57YH9X8320YF,9/16/2023
69f887c0-faf1-48f8-80c5-aa83b05d6935,2Y83HC8XG86,46,01HQP4D50MZYVQ6ME00EM3E6VE,1/29/2024
e430943e-9bde-4b62-b053-d3e637539dab,6D30QT2RP42,17,01HQP4D30GRG7JFT77G6XN29TB,6/28/2023
10d82171-385c-4b69-b82d-935179e70447,8UP3V81GX98,2,01HQP4D346QJPYJ2VW08DB5JTT,2/14/2024
4ecb3f14-67d3-40bc-bad2-5701ded6c0ca,9KY7VP3VM62,37,01HQP4D351VTSNMHXMR0Y9X45X,3/20/2023
aba44740-b885-4374-8e67-cdcdf2f8579c,3KQ9X44FM30,97,01HQP4D5Z9VMY5Q6VZFTFJFT7M,10/17/2023
3c8815d4-c5da-4788-b532-90f76b97423e,4KD6YK0PM87,47,01HQP4D1BJ5BZ086QEWK17PS2F,9/27/2023
5ec2df0c-66df-4bc3-b6eb-95e2ea4e7134,4P70D43KJ21,11,01HQP4D537NN4G30BJC2EE8324,1/27/2024
093cac12-5e59-474a-964d-2bb2b9e08c6e,7N46TR5QE87,45,01HQP4D5ZABP3R8DKY3M6VG5WE,8/30/2023
4f09fadc-d1d2-43f7-894e-2d365deb89ab,2P87FA4UX40,38,01HQP4D4GRGAXBQS8589HQGAZP,6/21/2023
04eb5592-7525-42d9-a316-a494b4c8b997,2YD0HD5AN18,85,01HQP4D1BRZWF6W283CNBWBXY5,10/1/2023
00eb41d6-7f6d-4953-a3ee-c44fe375b0be,8HN4G62VW51,71,01HQP4D51D5MN7QB6BYMCQ6T5R,9/12/2023
b96d86c4-97ea-40b3-a939-56074a51dd5a,4XN1F33VN31,77,01HQP4D50P1KKK7JRN3YHKE0P2,3/11/2023
5a9c6301-9d60-4da5-90d1-daa360010fdb,8F61AD4XX51,37,01HQP4D5EF52WAF59QRT5WZ46J,7/30/2023
9da3977b-4d19-4f4c-aabd-25ef59a82a62,9P28TH4ND00,86,01HQP4D02KD8FQ2RK3DZVVYTV6,7/30/2023
7d1a3fc7-48d9-4e65-b20f-6bc9c7fe0ab0,9A47ND1PC64,58,01HQP4D47BSMFF80AHBJEQD8WG,7/2/2023
fa83fbbe-8969-42cd-99a7-1ad1ad391d58,4FX7N47GF59,44,01HQP4D51P5ES647J0FS3YG966,5/26/2023
0f39f308-7297-4976-8dfa-01ff1b53a703,1M54JA6JH06,24,01HQP4CZRS75B4X3F0N7VTQKPT,9/16/2023
f9ace297-d371-4698-a294-e7a46be8c353,4AP2HK3XN79,5,01HQP4CZRB1J2S63E4GQXHWNB5,10/15/2023
5830a991-fb90-4261-b990-ecad888c3038,5WA2EH7XW29,4,01HQP4D4WRK64KA7SHGZZRW84C,5/6/2023
1dccb836-f17a-472f-8a20-c0418cc9d995,1QU0CV5EP65,78,01HQP4D5BZDQ70F7R1MDAPHC0R,12/13/2023
131e890e-8f2b-45e3-8b32-262d470251d2,4PJ9NT6DK86,98,01HQP4D4SWZYEDVVFAFHRX78Q2,10/23/2023
0cb125b7-839c-4a34-ba8b-84043cf200ce,1HG8WX6MR77,2,01HQP4D5AHJHKG757VFA61P6QY,1/16/2024
db3ad521-cb0e-4a32-b918-8b6219bbfa98,8DM1GT6TC69,47,01HQP4D4NRDW1PXB9ECGZG0DVD,8/15/2023
000611f6-cb64-47e9-93bd-22e4f8f12e4e,1EK0K34YY23,39,01HQP4D6DKA7K2AQ25E7V0N220,9/5/2023
55a883f6-05af-4b38-8aff-817e263f65e8,9V83R50MU41,54,01HQP4D5B0KZ4GTJ7RGFNW7NB4,7/6/2023
a2591851-ada2-483a-8320-3fec1911ab98,5Q10KD6WT57,17,01HQP4D50ZS51JAB78PEFPZ3Q2,1/11/2024
fe658421-eb08-457a-b062-518fa1d7da7f,6QE9PU7XQ71,41,01HQP4D6BNTWQQ0TGN4KB5NB4S,8/14/2023
d9e9fd52-5e1c-4d6a-a63f-d5c45574d2fa,7N46TR5QE87,8,01HQP4D2VR91YDK4EYJRYD81YN,11/15/2023
873ec01a-c026-448d-b041-361e5130ce4c,9YP5HV3QN61,76,01HQP4D03HXWTXKBCC06S6VWRB,6/29/2023
1504131b-47f5-48c5-9425-16a37a0bc875,6MC0RU5JK90,84,01HQP4D40MNYJNVB84QQY9A4HX,2/15/2024
d3c04b1c-4d4d-4d0c-8b0b-4bd0f357e924,4VH6EA3CM55,65,01HQP4D6B8SJMQ2NYKKRKHCQ0W,10/29/2023
c29cf1d9-8cf7-48c0-860d-0061a5d724d8,2H67N17AT32,29,01HQP4D4T57VDC9H171CZCNPQ0,8/18/2023
a03f6cc8-2cfe-4250-882e-93209ec44e56,4GW5VF8XN96,74,01HQP4D18JDFTBNDDRC0H6ZT1P,4/4/2023
a320c3ac-2f29-457a-9e22-96baf26d1b94,3PQ2QY4UE20,29,01HQP4D50P1KKK7JRN3YHKE0P2,3/1/2023
d1790dc2-820a-4e2e-bd7b-154b8478952f,4U29G94YQ99,20,01HQP4D4SJTAE97PSM163B3NAW,9/23/2023
4b350a22-4604-4e30-a674-ff8def9705a7,9VH4W95EH47,71,01HQP4D6DVT5MVSPHY9QADHZVF,5/5/2023
b6b37071-8a84-40b0-aa96-0eb18413ab74,9TK5E13UJ63,80,01HQP4D30R2TTRGJ70XQFZ5B7N,7/15/2023
7b1a1f9a-4f86-43bd-b98d-d915272cdace,6NN3Y97AK65,61,01HQP4D6MNYY20GXV58A6D6GJW,11/10/2023
b3f12397-e783-4fc7-a35f-c6aaf9ea8679,5PM7MU4PK12,44,01HQP4D4W7MJ82GGE9T859HX1S,10/2/2023
dd36d295-60cb-4556-8b0d-e04c2fa73c06,2FJ4JP7VG94,67,01HQP4CZSP222FPEQ23GTSQ51T,4/26/2023
97dfe091-236a-4754-8f58-d5c5bf99d29e,4UG0D71QA35,89,01HQP4D794Z3DR4KP7AWJTKVKX,6/21/2023
fa1af6e4-3cd2-434b-bf0b-57d54571db2d,7CD1AG2EY57,49,01HQP4D5BBN3NGPYNKJ92GKPDN,9/26/2023
800c17a3-1114-46a9-bb29-774c985054e7,3DU1UP4HF34,20,01HQP4D5BDXCZBBGKMN1Y27CC9,10/21/2023
d2301678-f319-4430-abe8-7e3d4c7909c2,8PA7C13GN72,57,01HQP4D6JF6C0KA90XZC1NKHVK,9/14/2023
850400e5-9a9f-4a6e-b164-f16a8c0780ae,7F84K22DW86,4,01HQP4D4SWZYEDVVFAFHRX78Q2,8/23/2023
c205516f-ba34-4313-8b59-f01d63b84533,5PJ2MP5JD87,88,01HQP4D32EG59TZMETXMFV8Z9J,8/19/2023
8ca14fbf-983d-4a46-b713-8dd29967e5c5,8VE5PT7EH15,53,01HQP4D02KD8FQ2RK3DZVVYTV6,10/6/2023
033d73e8-5008-49ae-b9f9-1e27542d681d,5J27Q18TP02,38,01HQP4D50SWKJKGEFDN2R2DFCK,6/28/2023
565b4daf-500c-44d3-925c-d40a3ab0f507,5VG2H12MG60,16,01HQP4D59PPKPF30MRJRZMEXVX,11/12/2023
0da804bb-2619-426c-8164-a2989ca91594,6DT1C29RU46,22,01HQP4D49BSPNAEK8FVKYEGS56,5/17/2023
6b515a5a-75c9-4e92-a255-6ab5175b047f,7MQ8KC5KP93,17,01HQP4D6G63QYFEPS3ZG06VKXA,8/29/2023
c18e8055-6208-4357-9c6a-ae7fc3292bc5,3WG9CG3AR83,54,01HQP4D6BR3WWY3VZBC2GH160N,7/23/2023
9e83f88f-38a4-4ec4-8879-3c734f99df18,4JW8WY9VX25,14,01HQP4D18F1CQRFM7HPXV0C0H1,6/14/2023
0498f3e9-0607-4934-96b1-7f872ee11ecb,5A39X72UQ59,93,01HQP4D51NB5A44BPCS6Q0JCKM,2/2/2024
fb94c48c-d723-4f92-96ac-0cb37b1a4f57,5WA2EH7XW29,75,01HQP4D3ZXB3V4KFR9YNFAPECK,8/12/2023
195f36b7-dc05-418c-989e-727bb5339329,1PG0EE1EJ32,44,01HQP4D6E2166HAB08DPAD9J8F,9/25/2023
232447a0-7acd-48c8-be19-2260832a3d2d,3ER8HA5WE92,5,01HQP4D6D4WNQFJR2KHEN0RGNG,12/31/2023
d14898d1-2fa7-4a66-9ad6-6f89f701babd,4YH9WT7CY30,95,01HQP4D32ZY3JD845ANWS440D4,3/9/2023
702e53ac-54c8-49b4-9a5b-f5d9543eb34f,8N55YY4QH25,73,01HQP4D2TY1JZT2RDSN0GC7XMM,11/7/2023
a945f018-0fd8-43e8-a4bb-2ba870a9515f,9QM7AN2EK91,36,01HQP4D5113WK76R9RS3JA6X7F,4/9/2023
7ffe87aa-0086-407c-81b2-8e220d7f19ad,1CV7WH0WE49,67,01HQP4D1BRZWF6W283CNBWBXY5,11/10/2023
612e599e-d3f1-4a70-9aee-0fd8b69514b0,4YW0C24CR67,55,01HQP4D1BGRZNWZN127JZMF627,8/11/2023
97208cc1-59d8-4e3c-99c4-9c0db2be2482,7GA3X94UN53,12,01HQP4D4WF2HE0BAMZ3KWS24JC,12/26/2023
38219195-5981-4641-9b3d-999c9768fb10,1DK4NC9NC98,29,01HQP4CZRVG3332J9V0HN1FCGA,10/3/2023
05063da1-5a7f-48b5-8f15-456c98341753,3DA2QA4YH90,36,01HQP4CZTFTG4F9BVRQ2PKTDWY,7/15/2023
9a67ecc4-323f-4723-847e-e9c3228482da,9D03HN4JV37,28,01HQP4D2VMM100ERKDQ0GS7G0X,4/15/2023
29262fb4-f2dc-45f9-8add-845cb344838d,9CD6D33FA21,63,01HQP4D40EBTTZYRQRRWC4SFFB,7/9/2023
606e23b3-f509-483f-ad81-804128b68d8b,4KF3TG7CU56,8,01HQP4D4WPEJ0ZFF4JPY6NPMDZ,12/1/2023
44730fa7-09bf-4e6a-9ed3-323dd95e0a25,1FW0WU1QG02,43,01HQP4D6DKA7K2AQ25E7V0N220,3/24/2023
140e1fe3-5c53-41c9-8043-e1401d696650,5XH7YA0EH54,66,01HQP4D4HHZNZXFAVV5T8J57E9,3/18/2023
e12d5e67-9a6b-421d-86b7-5392d682853e,4GF5YW2KK33,73,01HQP4D4WJA58B23DAWVK53JC8,3/6/2023
9c4216ad-914d-4c57-8e4c-2bd1b684b8cf,4D42GH4NC31,54,01HQP4D4GQCQNZJEXD8W1G9MZW,11/9/2023
867b90b3-4f4e-4fa1-a72b-e11671b96ac4,8YJ6KP9MR36,42,01HQP4D5ADG024W0B01ZJKGDWA,12/24/2023
79d18d75-3aaa-4ab5-b30a-e779d2505319,7T94RE9HJ68,52,01HQP4D5AMWZ4JY5QG1YSDQ2AZ,1/8/2024
7d183e8f-5817-4803-a623-4030889d1495,1WE6FC2XC67,79,01HQP4D54P3RN3MK118PAWYYQK,9/5/2023
3e11cc05-0e8e-470b-84e0-518d1c696ce3,1RC7AJ0EW94,25,01HQP4D4HE4WJ4D9ZW00KJPGF3,10/5/2023
01eb445a-274a-40ed-9243-719529efeb21,7N46TR5QE87,81,01HQP4D327YTF97P3R681TD4CV,11/20/2023
cbb650a3-55b7-457a-9118-600e23fb3191,2J06NR2VU39,69,01HQP4D17FMWC793H6Y4RVGFWX,4/21/2023
619a0d43-c728-468a-ae27-f1bb88a14369,8A83PK7YA58,57,01HQP4D6DX3GS6KSN8F28EDCN8,10/2/2023
59e157f4-6b85-4cc2-80f1-144f191910da,5VY7PR4QH43,17,01HQP4D47FWAPR1R0KA103FGE6,11/15/2023
084179ae-4f5a-4628-8ed4-ca21580412d4,9J81N00CG90,46,01HQP4D6DSWHFWK4QX3266PVKM,10/2/2023
21f718ea-f79c-429b-8838-6464fd389ff1,7RW2A10JX29,15,01HQP4D5AF65KZWACSPRQ5DHPJ,3/31/2023
0760e0ad-06d5-4fc9-b51c-28d315e4e10a,7MD5TK1FY33,81,01HQP4D4HSE6W9PCKT6PBRMCC7,12/17/2023
8a261329-9af9-47df-87c7-34510b22795b,5MC8N94EA53,51,01HQP4D4THWKCB92P4E9QFR5DG,7/20/2023
54f984e6-a725-4c43-b236-905421e3716d,6AJ5UM1AY26,32,01HQP4D30QZSNE49XVSSSZDZ6M,6/6/2023
20630a75-9550-423b-8437-fd62f77e7c9b,7MD5TK1FY33,75,01HQP4D6DRGAQDVP7E606BWYWB,2/5/2024
ae5c50fa-3c4c-44ba-ac96-ad6d34c4d3e7,5NX3HA9YU53,56,01HQP4D40EBTTZYRQRRWC4SFFB,7/7/2023
89efd9db-ab69-461e-8e57-5769e7fec0fc,1YX6MJ9KF55,94,01HQP4D50WVDERBA3GYJ0X55E7,8/15/2023
fc5ebd84-bdf8-4b0b-a676-bfddfff72274,9QK5R28TD30,87,01HQP4D4MNP8SY9DZ5C1Y6P509,3/25/2023
08f6979f-de60-4e69-849e-7027ce25b701,9M28ED4UF96,54,01HQP4D40P08Y9RY57YCKMVT1V,3/19/2023
a6b4c2bb-afdd-47fb-b6de-094a1e746a2b,1EU5TT3WH78,94,01HQP4D4TAGSGNP9DD4CAEE6KP,2/23/2024
5240f33c-901d-4719-96f8-873b0a8cb5c3,2JU5D76ND24,90,01HQP4D02KD8FQ2RK3DZVVYTV6,1/1/2024
6a7d2792-7723-4657-b17f-bdd63f59ae4b,3KA2YG6CW16,28,01HQP4D6PZNPS3B58RNHY06J7Y,12/18/2023
68030ce8-76a2-4659-9f34-be89849fc8fe,4YA5E52NA53,1,01HQP4D602ERN8XFB2SM0MM26K,2/23/2024
f95fe9d7-71bf-49cf-8644-a9a995c0421f,9UX1D98JC28,39,01HQP4D4WJA58B23DAWVK53JC8,7/4/2023
43463aeb-8da1-4fcb-b2cb-1d32ec5f3c3f,5T22J33MM56,44,01HQP4D31WF5WAHFDYF1ACRSY5,10/13/2023
cf9e74e7-707a-4cb2-add6-9396313c29bc,5G07VE3PH98,85,01HQP4D2TJ2QRVTJPQE30F821C,8/7/2023
a8b48fbe-7262-4f87-9d51-630635723c81,5R59YP9KQ98,95,01HQP4D4NBPDCJZCRPKNDE5713,4/13/2023
289eff66-a6d0-41cf-b341-a0b71d150f3f,4Q96FK4HG92,66,01HQP4CZTBCJ4YRSHQPSGNPQCT,1/15/2024
958031c1-dec2-44a3-87d0-5e510ed6901f,2M78UN3VY11,13,01HQP4D6GHY9MX7VVKBV4FT80C,8/23/2023
49372941-3257-4e8f-89ea-6b0367fae902,8P49KN2UW01,25,01HQP4D4HQM2SAQN20TMY9G893,6/23/2023
98893322-6c2c-4043-80b9-0fab4f648dca,4FC9HK0WP79,18,01HQP4D4HKKPTE8PTFQETWW5A7,12/20/2023
6755a79f-e50b-4126-af54-d01a793b9739,9KY7VP3VM62,58,01HQP4D4GBX62C6YDRY486ANYB,10/8/2023
03a94f50-4a27-4ae7-8953-41fea5b04a57,6EV4GK9FG11,56,01HQP4D1BJ5BZ086QEWK17PS2F,9/16/2023
28672f93-99e9-467a-94e7-11e3d2358f3b,9VH4W95EH47,49,01HQP4D5D9HDBW12C0A9B0BXA4,9/5/2023
b98a5612-1cd2-4712-b5cb-be03fb510662,3EX5XD9PY70,100,01HQP4D6DHWGV7JPFX25XHAV3B,1/19/2024
29985456-ed14-46e7-be82-d4a5822efe1e,8RX4CJ7FD30,46,01HQP4D5E3M0KP9NEYE2FVJQQN,1/3/2024
ee36d77f-8d49-4615-bdcb-edc090c27a20,1UT2E38PD63,95,01HQP4D3ZZ8CGVZG8XKABW711C,9/30/2023
fadc74fc-1e3c-4451-aafe-ceee51ae4259,4M43E90KH12,60,01HQP4D02SZ6PWAEVY3JYBV1Z6,3/13/2023
0b1d6d9c-bcff-4ba8-b46e-1cf9c0bc0ab9,6N54DH6ER01,100,01HQP4D507SN9XDAC1TAP0MBG5,2/10/2024
18b09293-ccff-43ea-96f8-2803ea579f86,3MX5E76EJ01,42,01HQP4D1C5VFA4DMEFKJKWTG7D,2/23/2024
93a1e10b-ba14-4744-88cc-ff5bec54879b,5TY7QQ2YE50,7,01HQP4D59RK7JT6QBNAADVD718,9/15/2023
5f7411b3-e5b1-4efd-b614-ca33a923d9f2,5GK1Q53WG54,22,01HQP4D6M0Y1P41C7KABS57VHD,1/4/2024
d2234d78-102b-45eb-8a51-017c2dd34363,5EE7UE9RU42,90,01HQP4D491T0HS57YH9X8320YF,5/19/2023
48b451c6-6d7f-4cc0-950c-3b989329e984,2J06NR2VU39,54,01HQP4D6BTAB2C6ERYN75AE8G7,8/19/2023
0e828138-0a2b-4cd9-9bf7-773bfa265d47,2WG2RK6QX62,91,01HQP4D608930RB6HX2BWWTFEF,10/12/2023
0c4bef1e-11f0-44cb-93bb-6d236438dc9c,3U07V94YF19,80,01HQP4D4WV9F9WEP9ZWPVMTHN6,6/15/2023
c07ae86b-7164-4581-8dcb-07aa569e3d0b,9KV7G26AC59,32,01HQP4D4HJ9YJHQPC2942TPW1S,6/9/2023
e87d0aa0-28de-48b8-85ce-48c411b1844b,9M28ED4UF96,37,01HQP4D359C5S0WB10YRYQSCJD,1/31/2024
afcbc0ae-f729-45b6-94d1-684f2641996b,5QN9WM9CF62,98,01HQP4D2TJ2QRVTJPQE30F821C,3/25/2023
3a721a56-25a3-444f-9e8c-96d4599befc5,5VG2H12MG60,84,01HQP4D4HKKPTE8PTFQETWW5A7,10/20/2023
c61358b2-f706-4b5c-ab46-f1b8d443fec3,8G98XT9MV61,48,01HQP4D4SMRR63VNR39K9RQBF7,12/30/2023
5c302fe4-b883-48c4-919e-c3dc547de28e,8A72TD4TJ89,52,01HQP4D34PYQCNK67K7G8KNWJC,7/19/2023
cbc1252e-822e-423f-8de1-8c4a461652db,9MK3E51EJ28,93,01HQP4D6DEC466E2P37ZQKCYA7,6/1/2023
8b20dfea-f0e1-436a-bc99-0344ea40909d,5XU0C87XT11,11,01HQP4D4HD83GEB7K121WXCHDV,12/9/2023
42c63165-90b2-47dd-8dbb-2e7b3efb8bc4,4PQ5KU9WN05,5,01HQP4D6DRGAQDVP7E606BWYWB,9/16/2023
a2975688-77a9-4140-8aa3-b16dd805d0e3,6F45PW9NR03,70,01HQP4D54MX9HBVBV1GTGNVRS3,12/26/2023
50ea3db8-4e01-4379-87fb-d720cde4a1b4,4R73JG4GQ47,70,01HQP4D32VCA9H4ZE4A13Y732X,4/25/2023
6c585d5f-78fb-4c28-b0cd-d15b40bd1be3,8R82TQ7GK73,87,01HQP4D617JEQ067T88Y08N7NR,8/23/2023
bc702672-9957-468c-8ab7-b811fac6c38e,4T81YG7TN58,72,01HQP4D5AAKXT764F6G1F7NKSW,2/22/2024
e13555de-e47c-43ee-aea8-ee345a4d3719,9M81JN3EM37,62,01HQP4D5ZZCA3MFCM029PM4XYZ,12/7/2023
4bea50d5-8b3e-4a7b-ab70-b3029928242a,7JE0R68YH85,89,01HQP4D1CZXXMN26Q1JJ01AEKM,12/20/2023
0f99b31c-9aab-4158-9d4b-75fee2406010,2ME9T12TN91,68,01HQP4D79V3JZ4HYEXME27YHJQ,10/7/2023
12411945-5d90-4f5e-9ea2-a3bac4e21f3c,7EA7H78WP90,83,01HQP4D48E18CBV2N8MQKWGGZG,5/17/2023
e6617c72-e5da-4f39-9b73-4ba4086969c2,4M08E37TH98,70,01HQP4D6EY8KQN0752H4ECNKNP,7/3/2023
657bc755-3bbd-4f7e-84a1-36f5098ae10d,1Q62PA9NY60,99,01HQP4D486RZVY7XB4DDHB74BP,7/12/2023
ce1d1454-6ddb-4856-84a8-d4e85c2a5025,1C59U20AX12,17,01HQP4D32PBAYJ644BK6TN6FAZ,6/17/2023
13749707-f618-48e9-8628-d36f41d5a9c5,3WP3FK6VH82,13,01HQP4D6B8SJMQ2NYKKRKHCQ0W,4/20/2023
a301ecdf-309d-4a00-ad3b-121003d25d3d,4Q96FK4HG92,85,01HQP4D4NMFB1JZ8TPG7DS2S11,4/2/2023
3f7335cb-40cd-4c1f-87bd-6b2f13e39920,3P10CE3DY46,33,01HQP4D78TZCX81X42WB78345R,11/8/2023
70ee86f5-68b0-475d-9ec8-0fed0abab7be,1RP0UW9ME24,24,01HQP4D61CHW4S3RTHPM9CC8ZB,2/15/2024
765b7879-1378-4ac6-8334-db6ac5079872,9D03HN4JV37,39,01HQP4D1BRZWF6W283CNBWBXY5,8/9/2023
74248f26-84a8-42a2-a04e-b612580e7869,8U43AG3NC29,69,01HQP4D541H57DHFDDVRYTFRGK,3/25/2023
ca005e65-dae7-41be-b5de-fae29ff0cf0d,1T77D99QT02,50,01HQP4D48XWWENVPASC5GP7WK3,3/21/2023
51079401-947c-4c04-8d9d-c461b95225b6,5QP8VT0AN53,18,01HQP4D6GC0SMN3P7WTA7ZYV51,12/27/2023
5d303738-0e00-4daa-aa21-94a688d8ac07,4EK0GW7KT08,99,01HQP4D59SV74AKEW69M6MAY9T,5/16/2023
5f29b70f-7c90-432b-b8ac-549512bced65,6DT1C29RU46,27,01HQP4D4WC58BHP4B380RV10S1,1/12/2024
15d3d45f-66d6-4649-8b59-dc3515407e43,8HN4G62VW51,71,01HQP4D6D6YQ0380VQZSY5XVEH,10/18/2023
51814322-e8ea-4855-a291-21760f83c1e6,1XN5EU7CT42,84,01HQP4D4GQCQNZJEXD8W1G9MZW,9/26/2023
68e1de38-1714-45fa-b96e-837dcc133fc8,6DT5FE5RX36,44,01HQP4D5ZWXV7A39CPMGNE9KA7,2/28/2023
97dee109-d915-4841-bf12-3205d1c3a912,3MX5E76EJ01,38,01HQP4D3ZHX6Q8HT4BYDQ32SKX,12/27/2023
fb7d2ddb-b295-48ec-9381-2e510610b239,9A47ND1PC64,94,01HQP4D48ZRNKGJT14VZ7BYFMB,1/16/2024
1d64fed6-1bb7-4555-b532-2bf8d8157222,7X04C38MN81,77,01HQP4D6BR3WWY3VZBC2GH160N,6/16/2023
72954ec5-d371-4ff1-ac7c-da52ad1eac79,7T63AN6VE16,2,01HQP4D5BJ808N1ABGNG9SBZET,7/31/2023
7995aea4-1e1e-478a-ba97-7e3fe1e375e8,1C47E01KN35,6,01HQP4D6MR8QKN37ND0CSF3XSB,3/10/2023
4865492e-9db0-4e56-ab6c-6f4ca435d316,2KE5J73AD95,100,01HQP4D4GX6V8MGMYJ7A6AAY83,4/13/2023
623f0f94-b3b4-4dbf-bfde-41a66994bdca,2JA3E24JJ38,87,01HQP4D6GJ4TC98G6ZQYSDF3S2,11/30/2023
86777e66-81dc-4409-b206-cf4474d5e7d9,3WW6GU2XP43,33,01HQP4D5BAZEX5YGEKD0Q3XAC4,9/9/2023
6c584f4f-f44b-47cf-9cfe-75fae5758403,5R59YP9KQ98,80,01HQP4D182QFCNRTQZX009S0SG,9/9/2023
30be5f03-b084-4d66-81e1-d971b007205d,9V70YT1PW04,70,01HQP4D6DW43Q5Q8HT5DJBKDMA,1/29/2024
bc5aec34-ec78-486b-9c2a-23641083fe1c,1NY7K25TJ35,28,01HQP4D4NRDW1PXB9ECGZG0DVD,11/20/2023
6d02f861-09a4-43bb-bb4f-2cf5edc6e7da,3HV3NR7AJ50,86,01HQP4D40C72XTQ4XT96EKJAVB,12/9/2023
9eb10bc5-0986-47ff-ba0b-d5acc45dbe6a,7J06QQ0TW35,33,01HQP4D5ENDRBD0TKWR4BEVMRV,1/12/2024
ff041909-243a-4e6e-b0c4-33e046e7986e,3RK9M90EU13,35,01HQP4D48SMDN1VP80NW5GX8E5,10/8/2023
2cd5989c-efc1-4476-98e0-d78635e11463,3RM1UN7PM36,12,01HQP4D5442Y7WW1GGBACC53NP,12/7/2023
d0124a10-55e1-443a-b461-a075eae91863,5TX7VU3CM57,17,01HQP4CZRNK96Z7JETA3GYEC14,10/30/2023
88e260cd-c8c7-4c7d-bf25-d29aea5dafce,5YM5Q94JW37,56,01HQP4D1CKPXNKVGJ9H70NEBJW,1/2/2024
6b9d0f6d-1f61-4f09-8f21-49e692481c28,9EY4NR7KX12,46,01HQP4D17X37VBQFK98130RBQD,9/14/2023
da4b5638-1ab2-4862-bae7-07bd816199d7,7MY9RE0CJ22,29,01HQP4D5AEK7GA138S6KXCEN81,4/26/2023
bfa8914a-77ff-42e2-80ba-f63827ea85cc,1FM5RN1JV29,57,01HQP4D351VTSNMHXMR0Y9X45X,9/25/2023
9a0bf32e-02b6-4939-b7db-c102093bba2a,4VF1XX8RD69,72,01HQP4D2VP32P3WH92TQT40T4Y,1/5/2024
33c6c8e9-44cb-46ed-ac4b-32ea42927440,1HF7XQ2TW19,97,01HQP4D6EBMA6FEY5RZW3CKBD7,12/18/2023
8eaf96b5-72e2-4d4c-86c0-b094602cf284,8WD8RV4YW48,65,01HQP4D4G902N56DT9NPCZZQF6,4/21/2023
b89bad14-1eec-4802-89a9-f1009738837c,8TP0F82GY58,25,01HQP4D5Z7WQPQHV82GT2BXEDQ,1/8/2024
4bee3f6d-0268-48ea-a805-437a71b1a61e,4YA5E52NA53,50,01HQP4D4HKKPTE8PTFQETWW5A7,6/10/2023
f7ad5a7d-50d2-4058-9043-ea20f3839997,4YM0WM5UC14,98,01HQP4D518PB35989S90CVEAT4,9/30/2023
66715dc8-9775-4d19-aa8d-f7bbf9ef086a,1FF7W91YY28,95,01HQP4D34VW2552RPNPAPM8HZA,10/28/2023
1be56f0a-5b31-48b8-bb65-6fc72f126adc,5RT0PY9CT34,37,01HQP4D5EPE21KE25A4K48YZWM,5/9/2023
69e4c92f-421a-4176-b1d1-dacce88e46c8,3WP3FK6VH82,42,01HQP4D4WEVR0VZ4HCREKMMAA3,4/17/2023
2048f876-5b81-411d-a3c6-6c9d2b6e62a2,1MT6UA7XK02,25,01HQP4D6GBVATM75E4CEPE073P,7/23/2023
df5b2dca-9dd9-4890-9c48-9c82b86d0cce,3E96HE9NF84,16,01HQP4D5DJRPQY4QTMPHXHGEHN,7/22/2023
f0c5a39c-41e5-42ae-981d-83c5bd4f149b,7KM9A34RU49,34,01HQP4D5504BH6SBMYKSRJDJMH,8/25/2023
1ede96d3-48ad-479a-845f-d2ad68fa02e4,4Y92YN8JV13,7,01HQP4D4WSKM7HRK76MS8QETW0,1/14/2024
6d6fd9f4-6b5e-4c00-90fc-a3fc4ba6a474,6YF6CE9MD94,91,01HQP4D79H6FYF1FJBR8NKJBAC,7/19/2023
739e9aa0-fec8-4e25-ad52-4e95cf6cb94d,9WQ4KE2UU38,83,01HQP4D5A4Y9E0QM299PHEAZC3,6/15/2023
5d9732ef-69aa-4de5-b916-1537ce6b25d3,5Q10KD6WT57,28,01HQP4D5AEK7GA138S6KXCEN81,1/28/2024
44365432-301b-46c6-b588-e788c2368bdd,2C11YY1MV09,59,01HQP4D5A9M1ESQ82FTN6A75F5,11/19/2023
d78d1c55-40c0-4d7a-8686-16940181b935,6GH4W27FV62,26,01HQP4D5ZPJY9HWZP10ETXPSNP,9/20/2023
d1b8acf5-ecff-4acf-8a06-6b782e309dda,9DN7GE7JG19,10,01HQP4D2TGNHS6GGJ9SWN2YKAN,12/15/2023
7bf02aee-9b9a-43c3-8196-abea315de366,3Y41U74YP74,9,01HQP4D47XDWSFAHPX6DSFPJXX,4/4/2023
6870014d-e80b-4918-a45b-2872f36aab49,9T70U31RY56,24,01HQP4D546K2AXK0R1XXD37G1K,2/10/2024
ebf7d2a2-c886-4c6a-89ab-fdba053d65ce,6ND3AV2FF41,80,01HQP4D6EBMA6FEY5RZW3CKBD7,3/21/2023
194d8ebc-cee0-4a2a-b92b-f6643afe33b6,2DF7YA4TP25,19,01HQP4D18T7N67PPFR5VWNFYGE,9/14/2023
8241e703-ea3f-40ee-af75-5b497984d358,4UG0D71QA35,2,01HQP4D32A08R5K05PDE1BJD91,11/2/2023
706620df-dbf5-4c9c-9bd8-88d737764a42,7MN4N36QQ97,79,01HQP4D1CQZQAGYYJ5HPBD1K2A,8/7/2023
2688a7de-b55d-446b-941b-e14b53e82766,1J02P78NY81,65,01HQP4D3Z0Q64DGDXXQ41Q7XNS,3/21/2023
117797c6-4047-4f5e-afdc-66a36238fb3c,1CN3UE9HN07,59,01HQP4D17X37VBQFK98130RBQD,6/30/2023
99eb0aa8-b0e4-4899-b994-7a59a89e232a,1AE7DJ8NM50,9,01HQP4D59V5WSQ0CBCW5FQTAXN,4/10/2023
43c55d69-3220-45cd-b0ce-66a8864096ca,1FW0WU1QG02,44,01HQP4D17FMWC793H6Y4RVGFWX,1/11/2024
3a0c3604-e93f-48f5-afc2-905509742075,5ND2GP9FU54,71,01HQP4D6ET6MQRS9KMWDM703P7,8/29/2023
fa4a0f9a-9d4f-4afd-b0b7-46afd37c5171,4M08E37TH98,39,01HQP4D4SMRR63VNR39K9RQBF7,3/2/2023
becaa55f-8ffd-41f5-a470-4ed8e25cc5eb,2AV5UY5QC14,63,01HQP4D5ZVK24J6T88T90XXCAM,7/13/2023
636afe07-5fba-4d7c-bfd6-a4a06a9a558f,2G18MM8MU27,83,01HQP4D18Q0Y2NT5094PRFKB13,3/12/2023
08e5c28d-9d95-4107-b622-83fc82f36c50,9NT4XV0UP96,40,01HQP4D6KCVMTK079T42ARQEW4,5/13/2023
eb441156-3bfb-4d1e-98cd-2986845756ab,2PW1DT4KV79,68,01HQP4D5ZP9FPFPCG8D764R6JJ,10/11/2023
20d71261-c7bf-4899-9716-c89f976d0216,6Y05WR3NQ70,8,01HQP4D6EC6BF6ZMF6H63VC3ZT,12/26/2023
fc1cb3e7-e173-4da3-8819-31a03c7518c6,7E63R35QM19,99,01HQP4D3ZP519AKKARPX46DK6T,12/14/2023
01ae2a94-759d-42a5-ad8a-d44a7b52fbd7,6W34TU8QJ81,66,01HQP4D1C43JTPQ0GFBB6V6PBV,8/12/2023
774a7731-7145-4e52-aed9-b949b588199f,1RP0UW9ME24,91,01HQP4D6KY2CW66JYK1G4J5S75,10/13/2023
43cf0163-37b7-469c-b0e5-9e46069bc5dd,2ED6T14QN97,43,01HQP4D4SGTNSSW5H7QZRG9YRQ,10/24/2023
79018152-8014-45a4-abcc-1dc7efdcc072,3EP6JA9TR78,46,01HQP4D6P5WBMB22JXPW1FXS80,10/12/2023
e119b381-c8f8-470e-8766-46a2354ebaf6,4YM0WM5UC14,4,01HQP4D40177G35BVC4J35BECE,3/27/2023
e7a04533-ea32-4b19-849d-0db6849300a8,9T55W41TR50,91,01HQP4D478TA6HZGGGVHZR7950,9/21/2023
e9fb9b03-4829-4aeb-a18f-a6b9497fbbf6,4YW0C24CR67,82,01HQP4D5106VVKP4HG2DGX9FWF,10/24/2023
bcbcacd3-fa74-4910-87a4-0b7786f71049,2YW8QN5UJ07,52,01HQP4D60355Z5Q4NKRN3CXCAF,10/31/2023
ce4ad189-0674-45e9-9b6e-5cbaa0f1418a,1V91QH7MY05,72,01HQP4D59XVYDQ70EJ0VWVVRAW,12/1/2023
99129497-1696-4454-9489-e69d6e5533fd,8EG3G86GR08,87,01HQP4D54F1FP8FYXKN349T6KG,9/17/2023
59b03933-3925-496a-bd53-abc539d345d1,5P55JQ2HX15,66,01HQP4D6GG30SGNVY3MQV665YE,2/14/2024
523235c4-9b3d-413d-a8e0-0f78712fac6c,6DM9U37WG58,73,01HQP4D4HH3B70ZDATEVT596CE,10/22/2023
8799fbd3-624f-4206-9406-aac220b35774,3DJ5JP3HW95,93,01HQP4D548R3EB3VWBSCJVEB6W,2/9/2024
f1c4dc75-849e-4d6e-aeaf-e16bac0c1d7e,1UH9K83DR02,12,01HQP4D4G902N56DT9NPCZZQF6,12/22/2023
a14b4f03-283e-47bf-9bc8-7be3c91971fd,8HV9NC0FC90,39,01HQP4D17DP3F9HX862J8798J2,10/26/2023
8837eb69-67f3-4460-8296-eccf7b5d9a88,4E47FD0WT10,14,01HQP4D499PPYZ1PTYMKQDZ940,4/23/2023
e93c466b-9159-4d75-b6a1-e6f33d4ffebd,5HH0DU8XH05,73,01HQP4D5BBN3NGPYNKJ92GKPDN,8/6/2023
e427f44b-37b3-4c98-ae5f-b85dbcf33707,1RT7R82EC27,32,01HQP4D5B0KZ4GTJ7RGFNW7NB4,6/15/2023
37545e88-5caa-41b2-9430-f47ada480d14,1CC1JJ3NJ60,81,01HQP4D5ES3AEG8KR400JFR5CJ,10/1/2023
63513d90-003f-442e-b46b-39350f78971e,5YC9EX8KT72,23,01HQP4D1BD17FBQSWR8QFP31EW,9/21/2023
e49b89a4-00ab-4c8a-b09c-ff78625717eb,3C42Y68RD19,98,01HQP4D4SZBQ3NC59TMMKYHWJD,10/28/2023
f1733186-952a-4fb2-969e-18b3d26f553f,6NH0Q20DW33,25,01HQP4D6E2WM7YK62TZBWSHV0F,3/18/2023
f37cdde8-db66-4d9a-a2f0-f396cce49252,1J39C10FT39,1,01HQP4D4N1Q2PAPXNDJ6VXBTAJ,4/3/2023
39b10e8a-95a0-4a90-84b6-7f724b6f3f6f,7RN8AD3TC18,74,01HQP4D5ZM5KR6FHQ0KZSFD6S0,11/7/2023
c856f620-c19a-48e9-8dc0-ed92e51d6d27,1U86YY5MW08,30,01HQP4D32PBAYJ644BK6TN6FAZ,7/6/2023
54a1cab8-f91c-4643-a537-2389740d45c1,1XD4F86QF89,27,01HQP4D6DTKDJ1NEYR1N6EQE3T,10/2/2023
6f1db5d2-a1d6-446d-a6a7-fc5675108534,8HN4G62VW51,87,01HQP4D6QPZC5DVTN72QAZ7PQK,2/12/2024
8dc87d90-c517-4959-b96d-0db378d1bb66,3HR9WG3PG74,69,01HQP4D61FMQ4G0Y8NWJJY92C9,6/1/2023
83ebec35-e9ba-41c6-90a1-287d6c3c13e3,9VH6QD9WX58,84,01HQP4D4KWJN8EV22YYYREK0R9,1/20/2024
c67fdfed-3d5f-44af-94d8-3fe7c62ebd09,9YP5HV3QN61,42,01HQP4D4RZ9VAZ786VAGZ60JT5,2/5/2024
32c50aa6-a514-4e82-abd3-b350a8793e76,7DA4C51NQ89,78,01HQP4D61EHVZH83RPWJYKYEYP,5/13/2023
404f8892-2f7d-4400-adbf-d9ee6aacf8f5,3UC7JV4FH47,46,01HQP4D6BZQYXH66NE54MH1FZ8,10/17/2023
0f7fc924-07ac-4815-ba4b-84cf767687b3,7DF5V22QM20,69,01HQP4D6FZH084M1Y5DZ77XRB5,9/26/2023
5b7869aa-5c5d-49e0-87ec-0f3fb8e5a1a1,3X93EJ7JE41,46,01HQP4D4WG8FYV5YRKJW244DD5,10/24/2023
bb8d0446-9921-4c55-86ca-f5a92611dc71,3JH2ER8JH45,99,01HQP4D4M4BS462897896GE1TX,5/17/2023
66d7788f-1ca6-484b-99ba-9732836fa624,6G84F73QC32,24,01HQP4D4HJ9YJHQPC2942TPW1S,7/9/2023
125c0272-9612-4116-a01d-b0bfafd48fd3,8K84FU4DC71,97,01HQP4D4MJ47MGZ929EYG391JR,7/19/2023
696b3e99-3e99-40ba-9b0c-9a9be44e3e66,1AE7DJ8NM50,78,01HQP4D34PYQCNK67K7G8KNWJC,6/19/2023
08e04e08-d3aa-41d7-ab4d-83081082489c,3MC5AP3UN74,46,01HQP4D50WVDERBA3GYJ0X55E7,3/8/2023
c73ef26f-fe06-44f2-a0aa-1152a5cf8760,4HJ1DE9EK10,64,01HQP4D5ZABP3R8DKY3M6VG5WE,9/3/2023
171ecc71-5e3a-48ac-b346-c32a1f30d7ba,1N75V50JV58,79,01HQP4D46VN2WPVRE7WMN4WZCR,2/27/2023
4a8f189b-1dea-4ffd-8e4d-905546656a69,4JD3V62PE67,9,01HQP4D2VXMCFZ9641TANEXEK4,9/14/2023
d2911951-1be8-4e3d-9115-536f9960f334,5Y85J61HT56,87,01HQP4D4H29Z6TYATCN9XQDTKJ,1/19/2024
bf852abc-86b6-4c41-b884-d61aef98aa7a,7G71EN8QN56,41,01HQP4D6EA3MKD2BNSBWDGAE4N,4/22/2023
82fbc223-89bc-4993-a97f-3ce2ff45ce1d,7WP4FG0HW44,1,01HQP4D4HCEQFN4W70EA8BASSP,7/4/2023
15d8d377-a71f-4ec7-bf4b-2c84374cb5e1,7VQ4V55JX25,39,01HQP4D5B0KZ4GTJ7RGFNW7NB4,5/17/2023
f2a8a734-8132-4f69-891f-3c66cc50c586,9PD5WW7XU36,37,01HQP4D4GGYN00AB3GAYDQ7Q9Y,12/31/2023
e1e68eb0-646c-4df1-bae9-8f3282483355,9VH0V37GJ84,88,01HQP4D4HF94ZF20WV9BYR8Q76,3/5/2023
372ddeb9-8566-4b50-ab2a-c29e1dd7b63d,1FF7W91YY28,54,01HQP4D4W2W05172CPX33A26PT,2/13/2024
c7b71d74-e507-41db-92f7-5b7ec6376c34,8TX0FW8UK55,78,01HQP4D502C9CJ3MA0Y1VV4DJ5,1/30/2024
e7275da5-6165-40cf-92f4-2026a228c3c8,3A17JE0DA77,61,01HQP4D02TEY4WY0BNGQN739T3,4/2/2023
3bc2b51d-ad0a-4fe8-bf0e-099bd100ffcf,6KW4QX9CX24,7,01HQP4D4WPEJ0ZFF4JPY6NPMDZ,7/13/2023
3af17145-2fd0-4b7a-a333-12d0957d9f76,1QQ9HK5NK24,8,01HQP4D2ZMTNCJX4YAD3ZV2GS4,7/3/2023
db057e43-5bec-49ed-9d4d-0f37110157fa,4HX5C11CU64,83,01HQP4D5C1Q5ZN82ZNG61HJ70R,8/11/2023
cf9a9aea-3a98-473e-91e3-2943c2a35ab0,4E47FD0WT10,50,01HQP4D2ZZ2A77EDMY24YSBCKJ,12/6/2023
6ab91fee-e2ce-4f9d-8c14-3f8fd1ad4126,4KT6H99JJ50,66,01HQP4D5Z9VMY5Q6VZFTFJFT7M,4/11/2023
e5bdf242-e8a1-444b-aa46-a1294f734ddf,8TE5AJ0VA12,27,01HQP4D5ZDW7KCW0EF4HS0NWRY,8/12/2023
9dbca77a-3c26-4c99-ac1c-0d56a4e7c6d8,7JE0R68YH85,72,01HQP4D1B9M1X8YQ1MFP6WCN0J,11/28/2023
b51af595-7403-4feb-abe2-2afe1b4e3782,1TJ0CN6UM48,7,01HQP4D32B5QBCF6DWS74SQ93K,10/19/2023
e296edff-2332-4891-b45d-5551508692dc,7FR2W32HC29,68,01HQP4D7A06T5V0CVJDKRT5KV8,3/18/2023
7151b477-834c-448b-b73b-f5899f6a3422,1T77D99QT02,91,01HQP4D798WSB8VNPPPHYSPHYY,7/27/2023
abbe9bd5-9ca3-4d76-98a8-fc4e968a1929,4XD5XX0MW88,38,01HQP4D5BMQ9W0CJG7H3HPWZ1T,2/10/2024
8c155eae-54ef-44fd-9932-7375ee97445a,3GH4Y87QH89,8,01HQP4D30P7TEFWA4XYKHPTT2P,7/20/2023
ec94cf05-ec8b-41d5-9f87-f5f91d2fa414,4DH1G67RH30,48,01HQP4D6DCHPDRG10DJF3PPYC3,9/17/2023
d189bf2f-066a-4908-a7a7-a2627c71a475,7MH5G17KH74,69,01HQP4D6K8C8QB3BF9EG5T834W,6/20/2023
df26227c-86f6-4706-8362-20db442fb8a5,8N71AF3UG35,32,01HQP4CZQWW89SX964NKJ28E8F,11/1/2023
f0c3969f-1f3b-48d7-b973-c56c9c27380d,6G06WC1DT59,99,01HQP4D6DMBGERD9ZBKEZM2YMQ,3/3/2023
fa28c437-b844-4b32-963d-b94e1f414258,7VQ4V55JX25,15,01HQP4D48SMDN1VP80NW5GX8E5,3/1/2023
99251fdb-0128-42f3-91f8-f131defcc16b,8DA5A02TJ43,34,01HQP4D1C01PTR7191HA9P5S6B,1/31/2024
e4b090a0-79fe-4889-b20a-ac9e033d7222,1QR6A74PQ08,64,01HQP4D79DCYY3RMMTTE26S1QR,5/4/2023
05b77487-3f31-4d92-b459-6453926a442f,7MD5TK1FY33,31,01HQP4D5AJ4KCZ05690MMJM6RP,7/6/2023
765ec134-50e9-46dd-800b-d46669bd34f1,1FW0WU1QG02,88,01HQP4D30FM9HB6W93KE6HE74E,7/20/2023
72d07f74-c53f-463b-a38b-c9d6099e0059,4JW8WY9VX25,61,01HQP4D2V5AXN6ZN8RF1FPZ2M6,7/30/2023
5a7e6098-3db4-4d27-9359-7422db598b26,9QX2E62XC78,77,01HQP4CZTM8W68DCXCKRCGTJVD,10/27/2023
ccc2df6f-519a-49fe-9400-af00c50adba0,4VF1XX8RD69,10,01HQP4D50Y527WKGT8R844JFNE,1/13/2024
411e7c70-24ac-4ae5-87de-e9345edbcebf,1C59U20AX12,62,01HQP4D1C43JTPQ0GFBB6V6PBV,1/28/2024
c6d42617-7722-413d-a4df-38167339ba3b,8EW4EW8WU39,53,01HQP4D6G4CZ2Z5B0R1WEPRX7T,7/7/2023
56a6fef9-3c54-4425-b4d6-dc817d6bab37,2FU6XR6AN38,65,01HQP4D2TJ2QRVTJPQE30F821C,2/23/2024
4c044531-dab0-40bc-a744-10c65df72340,1FM5RN1JV29,6,01HQP4D1CQZQAGYYJ5HPBD1K2A,11/13/2023
9044ad36-9881-4b90-887f-75d10d43a07b,6R09X61HK18,93,01HQP4D4N8Z7G3QNS18HAK9MJP,6/19/2023
462dc240-1fef-4d7c-86d5-2e770d4818e2,3N00PW8PX33,72,01HQP4D4GX6V8MGMYJ7A6AAY83,7/9/2023
113d8efd-2de4-4146-96f0-8b745a01c523,3Q62WA2EU90,88,01HQP4D79MK6YVPAGWW38ECQG2,9/3/2023
540b17b0-246a-470e-a502-5c37fd36c669,7J43W84UJ95,99,01HQP4D6DW43Q5Q8HT5DJBKDMA,9/16/2023
bac04b5c-d27e-435a-b94c-c227a920061d,7DF5V22QM20,90,01HQP4D2TW6K75NCE477A9N86G,10/14/2023
9e4c0809-084c-494f-86a0-960baf6f10ee,5VX9XC7VG76,66,01HQP4D50DVCBZTDDK6VKETCDG,2/20/2024
9c08c616-d190-45a7-9d52-fafbbd0cb52c,4U70R16CX13,67,01HQP4D5A94QWDV58YBY2C66VB,4/24/2023
f3edbf27-d465-4261-8ab1-d791a558e0f9,6GA6U08EU40,39,01HQP4D036PGQN7RAFB69614Z7,5/11/2023
886990df-fbc6-4994-80f7-ad57b061248d,6VV3MP1MU77,69,01HQP4D18MFC65DXV17HW8PAES,4/26/2023
ec9da623-1807-491b-a0e4-21be90c6cd8e,9TK5E13UJ63,41,01HQP4D54VYC92C0STGV3G0QTP,12/12/2023
8125513e-502f-4065-b029-a09fe0d0f705,9MC2DU9NW30,71,01HQP4D5E8V2E5V2AVY3B4G82N,11/17/2023
1c8ddc25-c59f-4821-bcbf-616616f44c65,2P87FA4UX40,7,01HQP4D6DGY6XKYS1AHV3CJG7E,5/25/2023
1ca3c6ab-553d-47c9-bd1a-a4983f54f207,3JQ3DK8WJ13,66,01HQP4D4WRK64KA7SHGZZRW84C,2/25/2024
a2bde3b7-ab9e-4989-84bd-efa89bb3ebc6,1FX2E79AG42,44,01HQP4D50MPKTFX2F1TWNF75VK,11/3/2023
7b744b2c-f323-4389-bc45-87548bf503fd,1MT6UA7XK02,81,01HQP4CZRKXSAA26F96H4ZVFFS,2/17/2024
c1babe5c-4a2d-4571-b709-dc6d9ce2ba69,2D42PD0ED69,44,01HQP4D3Z2VM64A7KH8K6X17W0,8/13/2023
1105602b-dd43-43eb-8f3b-932aaf84497b,3TY8YJ9AH17,19,01HQP4D6DHXYP83DFSWG71MEMV,10/21/2023
5c0fcabd-a51c-4bd7-9e57-27f4c4a1ea30,8T40GA2DU27,41,01HQP4D2ZS3Y5J8RGGP9H2DAEJ,6/16/2023
9544c7e8-8236-49bd-a7b2-d10aabba9eb3,4KT6H99JJ50,30,01HQP4D6FJEMVGS7WS8YWE6C54,9/10/2023
f881b537-b586-4aa3-a6c3-6ec5a8f60a70,1T42VF8UY49,21,01HQP4D1C5VFA4DMEFKJKWTG7D,12/14/2023
6f41ce41-96f5-4abd-8d76-dfc6f7e0a14f,9DN7GE7JG19,25,01HQP4D4N1Q2PAPXNDJ6VXBTAJ,6/8/2023
7f77d246-ed24-4d14-9087-c439968c66e6,2C11YY1MV09,71,01HQP4D507SN9XDAC1TAP0MBG5,1/5/2024
a28e762a-e0a6-497f-b3b9-9c7cb8d8b342,8RY5V07JV50,8,01HQP4D6PYA2F0A1EZRM9CTFN8,1/2/2024
90fb6f9a-c730-4db1-b4e4-fda003be2444,3JK6VV3CC76,54,01HQP4D6FZH084M1Y5DZ77XRB5,2/24/2024
0bcf8941-de5b-4b2e-8594-73101f72e5a9,6MK3F54NW66,5,01HQP4D186H04G0Y8A37FM2D9V,8/1/2023
c284bdae-1ef3-4d11-bafd-c0da9445a0fb,5VX3FJ1AR25,73,01HQP4D32FZ0Z3BCFN748MKM8A,12/1/2023
3cfc67cb-62f4-4139-9591-e9b6e2d1d13b,2YA0CF7UA79,78,01HQP4D4HA14MMTXBXZ9N8J16N,5/20/2023
22739ddd-712d-4e28-b545-963ba522f0b2,8KF1MD6PG33,3,01HQP4D17VG4JJKNS21MWF59G7,11/11/2023
8dae67f2-0668-469b-89ed-6285ec75d1dd,4J84R17QV51,77,01HQP4D40EBTTZYRQRRWC4SFFB,2/26/2024
561291bb-ba28-429f-af85-a5db323f3dc4,6AN2GM2DX90,50,01HQP4D54VYC92C0STGV3G0QTP,4/26/2023
c3c7dbe5-9a7f-442d-a0d1-b2f659b60ea7,6G84F73QC32,16,01HQP4D4N8Z7G3QNS18HAK9MJP,9/14/2023
e827e388-51a4-425d-a154-38dbb954d082,8AK5W15MU34,96,01HQP4D79GMACY6B091Y86JFQ8,11/20/2023
22eb0bdf-b770-4d4f-806a-54f681eee14f,7FR2W32HC29,86,01HQP4D4MMTSY7TJXMS8T3XY9F,4/26/2023
26908641-c500-40ca-bee8-40d9bfec3b95,4M05DG3XX22,59,01HQP4D6DXTW8PDXQYYHKNGE6E,6/30/2023
23accd6a-9c09-4951-a19d-7cfcd5dda7a5,3NJ3EF6TA26,71,01HQP4D5E0NVH9ETXGW5E3SXRX,2/11/2024
fdd2469b-349d-4b8f-b41d-d9f09539af89,8PQ8MJ2PR74,39,01HQP4D79B7B2HP53PHTNFKWBM,6/18/2023
e598f586-438b-49e1-a742-52c83b319007,9QH7AM4UM93,81,01HQP4CZRS75B4X3F0N7VTQKPT,10/30/2023
86cd4e00-b32e-4e76-acc2-60b4d667d0e7,2R00VC6RT93,84,01HQP4D03HXWTXKBCC06S6VWRB,5/19/2023
c495f30b-38bd-4266-915c-01a4db65ea94,6MA0DX5AK31,36,01HQP4D6DEYRDT0ZJYCM2V5Z2Z,1/14/2024
d4204728-e876-4fa7-b6c4-5a98f78c6bcb,3JV5EG1DY65,99,01HQP4D17Q3E3YK5DFP2H2Q5XN,1/23/2024
6b1017cc-eb28-42e8-a1bd-f54fe8105104,9T79PY4QC61,16,01HQP4D6D9Z8ACF5BEBWSJCGB7,9/22/2023
41aba31f-160e-46ac-a082-69b8f13727fa,2JA5G96EE59,7,01HQP4D30P7TEFWA4XYKHPTT2P,8/31/2023
2a7db6dc-b348-4cfd-9f3a-a21ad4c543ec,7Q95QQ3DE52,53,01HQP4D5A94QWDV58YBY2C66VB,1/31/2024
2bd69aae-866c-4c29-8193-6c478ede9d7f,5NR0AN0EU54,9,01HQP4D40FG2ZAAW8E4DE8DF95,8/22/2023
79740121-0872-42f2-97be-b632de89fc2c,9JK2ER5WR96,64,01HQP4D1857T41245CK7BES2YY,7/12/2023
e0c9b8e0-ad6f-413e-b880-a53456b3f8ba,2TF0U81WJ25,51,01HQP4D6FMJNXQY9RDQ422XQ92,4/1/2023
5d7213d7-5566-49b7-9e4e-201c90b5b828,3WC6EG0GQ97,14,01HQP4D5A5EB4MRGAFXD0J2501,9/15/2023
d7f9c933-89ad-4c58-bcc1-75495eaa2266,4P91JD3MP48,97,01HQP4D6DZQK5ZYGZ9WQ8T01VH,10/24/2023
0b4a539c-bfcb-4c7a-9483-68032465c3b1,5K83EK9WC34,79,01HQP4D4HTAH4RR9D24W0C8S1W,7/19/2023
b58a4d9e-cfb3-44c6-bfca-39dc45592688,8DM1GT6TC69,95,01HQP4D356C7GEGRWMGRB272KF,12/29/2023
a8ef24bb-c6c9-451b-bfb6-da8c2fdc400e,7DU4E62WX19,1,01HQP4D4S77NBW0SBN4FRP51RH,2/2/2024
f51c4c96-3163-4135-9d75-0460b0770b14,3JQ3DK8WJ13,4,01HQP4D3ZZ8CGVZG8XKABW711C,9/14/2023
40961905-e3c0-4e00-9637-5432ed22603b,5W97KP3HK11,51,01HQP4D6D6YQ0380VQZSY5XVEH,7/1/2023
d5f10200-9658-4cc1-96aa-da7e4691598d,8R82TQ7GK73,36,01HQP4D79PWPXRJNFASHJCWKQZ,7/25/2023
032271c1-384f-493e-bf2d-2f5da21a72fa,8U34XQ9JY74,17,01HQP4D5BNFZHNM599DHX2K128,12/26/2023
30b9247d-ad22-4952-8df3-4b2da5678bef,8GD3CX2EH91,51,01HQP4D79DCYY3RMMTTE26S1QR,6/20/2023
0c2435e5-8c98-4e31-8ac8-b4e8736b5313,9K34PC0NC17,3,01HQP4D2TW6K75NCE477A9N86G,2/20/2024
cd0544a9-0374-472f-9c12-82946222e470,7M69J24AN06,66,01HQP4D6G5A1NX4A9Q3YF0C7T7,8/4/2023
04ba7863-1a42-445f-b929-cea693edd6a6,4VF1XX8RD69,92,01HQP4D46VN2WPVRE7WMN4WZCR,6/18/2023
87c94f79-d037-4c0c-9bf7-bb4ba31dd6c3,3J45HT4PK51,60,01HQP4D4WMR9H5BCVJ0GJ3H1DG,10/20/2023
0d02b7f9-4603-44c7-805c-9e6d243be3ea,3J98M89JT89,64,01HQP4D5ZPJY9HWZP10ETXPSNP,2/24/2024
1ee7a5a4-6d36-4bb3-a591-15147c74b26a,3C42Y68RD19,11,01HQP4D1CTQVXVD0ASD61TGDQ7,9/10/2023
c78b18b1-7020-46e5-9565-2328a58bd88f,4Q96FK4HG92,89,01HQP4D3YV46Z93PZWBVQZNVYD,8/26/2023
69124581-6c62-44e0-ac45-cf2306178fcc,6F16GF3VK97,93,01HQP4D6P4NPDXRNPWZJWSP8K4,4/23/2023
fbf7b0af-87ec-4b19-8168-39d977ebe0d9,3D89NJ0PJ43,10,01HQP4D5AR9XB53Z74GNEHZ11V,7/5/2023
1f1849b2-8987-4c52-8913-2d121c2873d0,1AY1YT9XY16,24,01HQP4D5BAZEX5YGEKD0Q3XAC4,7/16/2023
e8ef194f-21aa-44ad-b441-6a9796ba5fb2,1WE6FC2XC67,100,01HQP4D5BJ4SFJXZ0TAEJJ2VN2,8/3/2023
c5ab5693-e596-4bee-9965-d6cc99ce72f4,8E83RC8QW43,94,01HQP4D6GE7Q8Z98BEXSFA9FSE,1/29/2024
db99ac7f-fedc-49fe-8015-2cc9ff9680fc,1NY7K25TJ35,7,01HQP4D79H6FYF1FJBR8NKJBAC,1/2/2024
7c63649f-8769-44bd-ade9-8581fa33f379,6P66F94WT28,31,01HQP4D2VMM100ERKDQ0GS7G0X,2/17/2024
84ddcb8c-d831-40f0-8ab3-257a0789d33b,4JD3V62PE67,29,01HQP4D6MK3BN93ECJQ8E7K4RS,10/9/2023
8a4be0bf-3646-4e45-916a-c9f866f2576c,5HE1HJ2UK35,5,01HQP4D6AJWW5C55M4N80A6890,9/10/2023
39760aaf-b28c-46bf-9401-3dc099c80742,6NH0Q20DW33,9,01HQP4D4ND5DGQ95P9ZYWKAYPH,3/26/2023
1618d4f8-624b-4221-9cf8-db021d89fefe,8QJ1XT5GU36,96,01HQP4D53MKKN9H2FM2RC6CZ5E,5/14/2023
f3e4381b-8e9b-45a7-915b-7587f1c63876,9M81JN3EM37,84,01HQP4D4RVWKP91SDB8V7YT5AR,1/9/2024
e34cc296-0ce3-4029-8952-a85c53194e62,6W36G29MN10,50,01HQP4D4WSKM7HRK76MS8QETW0,7/21/2023
224e2ae9-004a-4b23-9456-e6e00a186231,1JK1JQ8VG38,79,01HQP4D6JMNQSQ6FWYZYTRDFQX,4/26/2023
b3e3e1f5-f2ce-4156-9113-ea2978bb6ce6,7F84KT7GY41,41,01HQP4D6PHYV1NQ1XVZE9NSMSE,3/13/2023
6ced9d3d-60c4-4877-ad99-560f1ed270d4,2HA4TF5KT92,17,01HQP4D32XSK20JHS7K5N7KGHP,7/15/2023
56a3c232-5215-465e-b54b-c76c9a329a8c,7JV1GK7FX89,2,01HQP4D02SZ6PWAEVY3JYBV1Z6,8/18/2023
8afa55b9-274f-4436-a636-2b1c4d4635a0,3EP6JA9TR78,64,01HQP4D50AY6YE362S7XP8GH76,10/28/2023
491538e7-43cf-4a84-90e0-40a03049cd73,7J20TN5WG61,23,01HQP4D5ACGHDYQWE5VF2QS399,5/30/2023
c97fd055-02ef-474d-a5d5-804ebe79f74d,2GX4KN1KK98,44,01HQP4D02MXNHYB7D2X4QVVGQB,7/6/2023
037b0c7e-2ef2-430f-adf7-45da6ca0293f,7TX2D12RE32,54,01HQP4D4W74P7GXCD6DM43GNNF,8/9/2023
5a98cee6-9880-49fa-8ff0-e860ab27c6f2,9HH2HF5CP91,51,01HQP4D4TDHVSXDN0P034HTAJX,5/29/2023
d373eed7-ac7d-408c-8190-01b42bf48656,7CD1AG2EY57,32,01HQP4D5ES3AEG8KR400JFR5CJ,7/6/2023
338e5dfd-8a5e-4b61-bc1c-577f44dffacf,4GF5YW2KK33,14,01HQP4D1CBV4FC7XMQ86VSWBZ4,10/10/2023
6bb065c1-5c08-4fff-b22b-ef103afa7bfe,3KF5GT8QC83,41,01HQP4D326R6SZ8B3W5MJANCH8,9/16/2023
0b9fcb70-3357-4039-9794-1b4bd557f2e1,3WW0D43YQ33,30,01HQP4D54YSMQP43EP8TNQJD6D,3/18/2023
fb203a6d-97ff-4a13-a067-127af1163186,8YU2FF3EQ40,28,01HQP4D17MK1HDBKAD2C5F0M9H,12/29/2023
0b3b806e-755e-407f-9904-819fd1139ea1,3JT4DF2GV34,76,01HQP4D5164VK4QPEJ046NWTFB,2/24/2024
779cee94-a76a-4899-b1f3-8f52fe415329,9UV8FV9UV88,2,01HQP4D34JP8WD424W9QVT533X,8/16/2023
b84915e6-cd21-495b-90b4-4b42f8c2c056,9D09TR4XH91,7,01HQP4D17JSSFQBMYKZXMQA4RG,8/9/2023
d4428375-d329-4f8b-b29a-c05f38695b05,6GF5YT9UP23,90,01HQP4D6F3GARG3KX245M4PPQV,9/7/2023
dac6d82c-3051-468e-85fd-25e44ad8d7f0,7MM8K87MC12,23,01HQP4D6JY5DEM2G87HPVTPTT1,3/2/2023
1a0eb4a4-c7ca-4e65-8faa-2202584f1bf0,3KH4U17RG65,41,01HQP4D321RC1CGNREYZAZJDSD,6/8/2023
c18ff9c7-3e2b-4a30-adcf-64bc7ae35af3,7DT2YP3XQ61,35,01HQP4D5Z4W847T8R2BAZ6JM3P,8/16/2023
02f693bf-e952-412a-a687-24c5bc8876be,7CD5KA7DC13,19,01HQP4D4W5NBZTKMEYGET2JK6K,10/5/2023
ce80282e-ed92-47bd-a1e8-17b59ecfe05e,6VV3MP1MU77,68,01HQP4D32PBAYJ644BK6TN6FAZ,5/23/2023
664942df-72f4-447a-94da-82b9e2415537,6D72PJ3XP41,81,01HQP4D5AEK7GA138S6KXCEN81,12/3/2023
b5fa48a4-7b59-48e5-aa01-bdafbcb4e369,9H56W84PM69,97,01HQP4D351VTSNMHXMR0Y9X45X,11/15/2023
8ab17950-3313-4206-af58-3b5572f87f89,6D55X45KW43,26,01HQP4D03G7X6SDZHTDCA4GF05,11/27/2023
28b61c34-775f-43f5-a545-8bfa111cc916,5QQ3Q59DJ76,65,01HQP4D4N8Z7G3QNS18HAK9MJP,12/18/2023
4af3cdb6-cdd0-4e5b-aa0f-8506872ac348,8DA8EK3EH41,96,01HQP4D1CZXXMN26Q1JJ01AEKM,9/18/2023
c7c7e3ee-bb61-4924-bf15-82ca919af1a7,3KF0GA2CJ67,94,01HQP4D50SWKJKGEFDN2R2DFCK,2/12/2024
1e444cbc-dbbb-49e8-af3b-4fe2ddc42678,1RG6PX7FP45,50,01HQP4D798WSB8VNPPPHYSPHYY,3/24/2023
91b6094e-4a3d-4d74-8f2e-ffaea01e13fa,9DN7GE7JG19,97,01HQP4D4GJ5H9J0ZZCZAJ47W9Z,5/24/2023
e7e358b0-e359-424f-bef2-583c59a38489,3UH4YF4TV13,71,01HQP4D6FJEMVGS7WS8YWE6C54,10/21/2023
b823f3fb-0bc9-448e-acb6-9ebc1f2949bc,5FK3T55MT06,48,01HQP4D6FCKXJHEP749D1GRP2M,7/15/2023
201d89fd-cc17-4711-a6c8-c95bf9fc35dc,3HV3NR7AJ50,88,01HQP4D6E7GESWDFMJ67XPM2S0,4/28/2023
5ac60e55-9bf9-49bf-af7d-02e9b3b912f4,5VX9XC7VG76,41,01HQP4D4GMP6J94W67Q9RZV1BR,11/21/2023
d5fc3231-9df2-4d96-b127-824e82c7b680,9DD7GT9NC05,18,01HQP4D6JY5DEM2G87HPVTPTT1,1/19/2024
69d9c916-da4b-44b9-a9a6-9d7163969c87,1J04DP4RR81,98,01HQP4D34WPH9P66T5152CCDXT,6/30/2023
a30a0c91-23b7-480f-90bc-7a9ac9666715,6ND3AV2FF41,5,01HQP4D6QDTH1N8S7NHYD1G2S7,4/14/2023
08fe55f3-59ae-4422-9521-e6ca21545883,4XG2UW7CU24,94,01HQP4D5A7MZT0K5EXYEVB693M,11/25/2023
70187819-0410-48de-8a76-9031fe20086b,1V53W13VR77,80,01HQP4D4RXS8BXH6QEKZBVFVZK,2/15/2024
069bbc33-7cb7-429e-a37e-a0ad1b58920f,8GE8TQ3UH06,97,01HQP4D6Q48A6JB99DVVEYGWBQ,2/28/2023
95db4509-c007-4bff-b5ee-fb69febc630f,7KM9A34RU49,86,01HQP4D6C0WMXP8ZYN8R5ZRYP4,6/12/2023
29ec4f18-037c-452a-9ab7-80f0cf723753,8NY6KK1JX47,12,01HQP4D4HCPW2APFEVXXHHFTC2,11/2/2023
b6529c0c-9458-4248-9bc3-0e140c46c87e,1UT6N62XN60,88,01HQP4CZS6TAB42VFCJJSEYVA9,6/1/2023
29de00f7-f6a6-4af0-a26d-81f971dd8a34,7V26T67CM27,71,01HQP4D5AHK914V400RDT9ZRY9,10/26/2023
f1f9873f-7877-4076-9b60-d03c1a4be277,8VN4R25RV21,65,01HQP4D4RKE9AK2MBE83DCGABN,2/2/2024
fc03eadc-2947-4974-ac3e-be880a2d2b5d,4XV7NG4WG71,5,01HQP4D79H6FYF1FJBR8NKJBAC,12/10/2023
6da9a797-9c50-41e8-aae7-9592ea89e40c,9D03HN4JV37,25,01HQP4CZRTG3C2Q7YT1XF4FB24,4/29/2023
53bed10b-1ac4-4844-b1f0-48e8ff72a864,9V26H64GU48,26,01HQP4D34PYQCNK67K7G8KNWJC,7/10/2023
2e5e87e2-f195-43d8-b2ab-018fdf6d2b44,6U53N56CA05,16,01HQP4D6FQAZK7HVY6Z977F7R3,3/10/2023
df488244-d575-49e0-8bfe-a601da8d0025,3EP6JA9TR78,95,01HQP4D5CV9TK9EAEA2R0J96PW,2/13/2024
004c93e0-dfc1-4190-bba7-2a018079b354,4CT2KX0QU82,19,01HQP4D6KCVMTK079T42ARQEW4,12/7/2023
29edabc1-c751-4fbf-87b6-9daa4696e1c1,9MN2EQ2TG54,66,01HQP4D40C72XTQ4XT96EKJAVB,6/13/2023
c1a19f3b-efa0-478d-af21-bc1b3fa8d763,3HP1T71XG28,32,01HQP4D6QAR0FJ1J773NFRK3TC,11/7/2023
9a183ced-8bea-4a2a-9036-1cb9c1204b82,7DP7VU1FH86,8,01HQP4D6G89VRB9JW4W2ZE1K0T,9/22/2023
d35cf840-2485-4d1e-a35e-a9b2cf904553,6MA0DX5AK31,78,01HQP4D033DETE5CABSM4TXKQ4,7/13/2023
c7a842dd-a9a0-4412-b684-3b960470d1c3,9PJ0Q01CJ26,21,01HQP4D4GC9Z4HMMKBQC3KRK24,11/25/2023
8f4b9183-e225-434b-8b6b-0b4ab67e1b8e,9Y65QV6JG95,79,01HQP4D48E18CBV2N8MQKWGGZG,3/3/2023
e7c4251d-0257-40c2-9f56-32ab7ed5e78e,4GF5YW2KK33,79,01HQP4D6MNYY20GXV58A6D6GJW,2/19/2024
5aa11d2f-64dc-4010-8581-6cf2cbc8cbb0,6A01T06YT99,8,01HQP4D5DNDBHNVY5P2JK850ZR,8/24/2023
009e9fe3-9b63-4a48-b19e-ef4a2a686c45,2P87FA4UX40,68,01HQP4D5AEK7GA138S6KXCEN81,5/26/2023
d7b36b1c-4f54-4b53-b1d8-db0988b69663,1EK4QX1YH51,47,01HQP4D17X37VBQFK98130RBQD,12/17/2023
3f31a80f-5843-4cb0-9e5c-f98a6dde3371,9N92FJ1JM87,89,01HQP4D5APNG4GPY8M0TR6ZT21,9/28/2023
2fbe07f7-8034-4bf2-ab70-a1d9f1d9b75e,1NJ3JV0YN03,82,01HQP4D35AGTABNVNP2M12GX45,5/2/2023
e15d00e5-dac2-4d38-bf77-b1d240341662,7PM8AD5HC14,21,01HQP4D54F1FP8FYXKN349T6KG,7/5/2023
fa9eb63a-a9dd-4c15-add7-924956e00f64,5W59MH7RT31,26,01HQP4D4VZM5840N01SRATT8Q1,8/30/2023
d946eafb-287d-4ffd-9c29-f7891360fd3b,3KH1YH0AW66,80,01HQP4D6ANE76K3BVEV82BGQRZ,11/4/2023
98616da7-ede2-487f-9795-1eba50640492,4D16KV5RE62,9,01HQP4D1CVVYVTQ770THEF59Z0,9/10/2023
812fd2c0-59bc-49c5-9405-da53c589f5a6,6AN2GM2DX90,37,01HQP4D180Q9MWK0TQ9Y4RD7BV,2/9/2024
6e1c4d37-ffe0-4543-9b03-7cc21a9be116,8T36UD7KN64,7,01HQP4D40FG2ZAAW8E4DE8DF95,12/15/2023