supply_id,product_id,supplier_id
33012f3c-a981-40e4-8837-8effb0f29a68,7CC2A19HM05,SUP-0800
b759f8e7-b996-409d-9595-b1b5cb523e42,7JR9T63RM25,SUP-0734
7c61a3a4-c9d0-4f47-a478-710f6589ed76,6VH7HP8GU67,SUP-9951
438117f0-eb07-4c82-878c-92ecc32178c7,9UQ1FU3JH73,SUP-2926
9bd6c996-7272-4b25-9d68-d15d8284a15b,1HG8WX6MR77,SUP-9734
87e78f5c-31f3-468d-bb63-53c81b208864,8NY8YV2XR35,SUP-0731
fb37107a-a594-4577-86a3-dbba24dda9e5,8GY5RG8XR80,SUP-0910
9fcc25c3-acf1-4986-ae99-b3f0f69a7603,4CT2KX0QU82,SUP-1418
52c93972-ce6b-4141-8b3e-32c54239d980,6AC5RX2RE70,SUP-8346
e2a9eb91-0a8e-4fc6-8c41-214348eb9584,7PP3KN6RY01,SUP-8748
331c65b4-3b16-459d-a181-f178271676e2,8H02WK0JT65,SUP-5688
46764ff8-5ed5-4514-83d3-db644b079202,8X78AE5MV02,SUP-2437
37b238ec-0e1a-4387-95bb-c2f71bacf40b,8YF6GE1AP62,SUP-1901
39982605-667f-4073-9e6c-a21194799abc,7TX2D12RE32,SUP-3773
f496a38a-7641-4524-82fa-a9a7804d0568,9G80J22PC86,SUP-5189
4e4de477-7f46-45b7-bcd7-dd63cfb6b4d3,3EP6JA9TR78,SUP-9360
7eeffa74-3478-4320-9570-6e5bce2da97b,7N46TR5QE87,SUP-2177
0d8a7262-af0a-4019-a119-225c26087e02,2A09F31PV59,SUP-7699
17145ab1-f97e-4290-babd-e715370843de,8A72TD4TJ89,SUP-4951
2ed9c0c3-4192-4542-98a7-2c1d4a349dc2,1GY1A72KN97,SUP-9284
34ab1055-8497-48ca-8775-bf9ddd76a7fd,4P91JD3MP48,SUP-7754
1217fddb-ff31-4d4f-9402-f3dba53a0ddb,6D03N20VY50,SUP-1508
f1e87d99-d7bf-4d3f-afdf-072304effd10,5J27Q18TP02,SUP-9865
63a4b4bf-956a-4d55-bc75-3addb65e5a11,2TE9RC7MR82,SUP-1554
fd5dd271-dc07-4e95-bc07-79fc73a9b5a2,5JR2F73UY19,SUP-3257
477b0189-c49f-4eb6-94c6-18b8ac3836e5,4N22VJ4HY59,SUP-0486
55a10907-e576-4e13-a3b2-8baee4461aec,2JD8MP8KK14,SUP-1350
a6f3079e-982a-4097-94ec-d570e9c93622,9X23YP7GQ06,SUP-0814
26e4ca84-455f-4173-9980-eab794160346,4U70R16CX13,SUP-9881
9ad529f2-8a7f-4db8-a45c-d0f9cfe0dca9,7Y02HH9CV04,SUP-0230
09e6fc2f-24ec-4455-9b54-7f53b7d68d91,5FK3T55MT06,SUP-1693
db1a1d81-fad8-41de-8f71-cdf1125ac559,8EX1MC4KD98,SUP-0814
1978b9da-deeb-4f25-b7e4-3e0018667801,4QV6A28PJ67,SUP-1554
f240c637-8b13-45b8-bf30-85e5f31ded23,4PR8P88AN95,SUP-3954
1057784b-8e51-4e96-ab9d-93cff74c9a72,1X61T75QJ84,SUP-4951
a2c6516d-b236-4ab3-a8d0-f353a0c5e131,4W97VK1WR58,SUP-0734
a19a8648-9941-4825-b81d-aeb1dd6852ac,9EP3KV1UX48,SUP-3534
c17ab03a-767b-41f4-b288-390ded1bb3c2,8KU9TR3PN41,SUP-5540
a1d5ae10-310d-482a-99d2-0e152882b05c,9PN1WY5RJ08,SUP-1418
83cae439-255e-4ee5-8a58-89ec79563090,3WG8M35HM11,SUP-0800
cf1d5918-df3b-4ad2-b951-115e5323feb8,2DK4JE2FT63,SUP-1693
ee5c0089-c291-4e04-be76-ec67b3d7b0f2,1EE1TJ8PX47,SUP-2926
fd014556-6fb6-4645-8dea-f19c1a0ff48c,4Q96FK4HG92,SUP-4272
582a9d9e-2dd7-43fb-bb7f-64918bcbcff6,6NH0Q20DW33,SUP-0731
f5a53bf4-1d0f-4479-add6-2231b13c3943,8WD8RV4YW48,SUP-0230
22b16528-9261-442b-8c86-3a232c3666ed,3DJ5JP3HW95,SUP-0910
1d1b7748-9b1d-40f5-bf72-5e72996069ef,5VA4MF9UH88,SUP-9734
586085a1-cc51-4c10-a02a-ea122a2fa2e2,5RK0M74WH25,SUP-9881
824e219f-db18-4637-96b1-b90da6cc7509,6AN2GM2DX90,SUP-9360
f46fd10d-a243-4410-81d4-b0e6cfdf2b41,1HD9AT2XN99,SUP-4487
6015d4bf-3c5d-4886-abd0-1f23997b5a22,9J86W42FW95,SUP-8346
f525c199-f020-47ff-ad69-89537b16eece,6AF4WH1QJ70,SUP-7754
77851257-5a48-41bd-b14a-e2a5d53f7714,4KT6H99JJ50,SUP-1146
c11fe655-0da9-4b5e-81cb-2ed33622a08f,5Q38KJ1JV57,SUP-7592
888940ed-433c-4105-ada1-18417a8c62cd,7XJ2QD9JW92,SUP-6460
d9f0a163-c906-4959-9e12-0c305351b6d6,8K95YJ5AF70,SUP-7699
539906d8-2a1e-4ea9-b6ec-719a5e68da02,3G60MP8DT03,SUP-3773
ad7e860a-5ca0-49fc-b624-a4b611570025,8K66J12MH94,SUP-8949
548bddf5-c7e2-405f-80da-7c98524794e3,6F16GF3VK97,SUP-8237
7c6895f0-d999-4784-8d78-726fa350ce9a,8KF1MD6PG33,SUP-9436
7a7f0b66-5a78-478a-aeb5-8730f9c67745,1CH2UU3QV12,SUP-2437
0a9bb521-dabf-430b-bd05-7918c53f2a77,2M78UN3VY11,SUP-9871
9c13f402-fba9-4c5a-b8a7-84fccacd5897,6GA6U08EU40,SUP-5567
ade851d3-7176-4b40-b335-b747b410e86f,9V83R50MU41,SUP-4951
c1b7e234-bec6-49f0-adc9-eddd84cef182,8A72TD4TJ89,SUP-2177
94c3eca3-59cd-4e3f-87a7-9802f040730e,7DD2XA1KC46,SUP-5688
f221d43c-4f7d-4159-99ea-e94ea6218343,3TT7QY3EG29,SUP-7592
9bef71ee-e842-4c34-862c-f09c0d4e4936,2MC7UA7GP29,SUP-8346
9eca3570-33b0-4327-be9d-0efb5e563966,8CU0G38PR08,SUP-6460
e2177071-ae5d-46b4-b5cf-b22c707054aa,8G98PF3MQ84,SUP-1554
d16a6eb3-5f7e-491b-8c75-184e98c0dfe9,9VH4W95EH47,SUP-8949
cd11a3d2-7dd7-45aa-a6ed-6f12a6d5521a,9MF6C90MA85,SUP-9881
19064c58-3f06-4194-a61a-9d765541eef1,2NP0PA0GM23,SUP-0486
09b4d88d-60eb-4b9b-95d9-df1adb66e9bb,4FW0MW2KU42,SUP-4272
45b08801-2e78-445c-afc1-d8433c722012,1G66FK9PW28,SUP-9865
36d11519-b643-405f-a89a-bea9cfba2062,8QJ1XT5GU36,SUP-4366
8ade8397-5998-49ae-99e8-a76fcff186b8,2WG2RK6QX62,SUP-0734
ee82e99b-b5ad-41dd-8c60-d7f316a05a93,3J66JA8NF64,SUP-8344
ea339055-b4ce-4a76-9a43-5705746712aa,1T30RV9CW41,SUP-5990
efba154b-eb4a-44a2-a4df-a541937fbfec,4QV6A28PJ67,SUP-0814
7e40f1d4-0054-4512-ac5f-9897283f935a,4HJ1DE9EK10,SUP-1146
b85ed5d3-011e-4798-b50c-ad2c54b5c9b0,2R00VC6RT93,SUP-2306
3699e12e-6a13-450f-8d67-5036c7cb4f66,7VG5PC2QR66,SUP-7754
2c2b1fc7-9885-403f-87ca-450041a01728,6YF6CE9MD94,SUP-9734
8dc520fe-890b-4bdd-bc8e-645c50648e90,1FM5RN1JV29,SUP-7699
aee6cf32-11b9-4fc5-9542-f8092cc6c63b,6FQ5HU4FP96,SUP-0800
bbbe4fd3-a727-41cf-9b3b-27a409df7fc7,8T40GA2DU27,SUP-5189
dcb7fed6-4ef6-4271-b5d8-744c90253742,6QE6XH8MV68,SUP-9436
5488fb4f-e0ad-45f3-9089-391c20efbe7a,5T54R60XA56,SUP-8387
1b1f873b-149e-49fb-9dab-0f7f8373302f,3Y41U74YP74,SUP-1901
93d33667-fe10-4057-aab4-f114fd972286,5VR6AW6DJ00,SUP-5540
cdd62176-c14a-47ea-809c-9266c07350d2,4M05DG3XX22,SUP-0230
acf990fd-b563-4a6d-b9ce-205a62b9f35f,5RT0PY9CT34,SUP-3773
622618b1-2748-4b38-8cc6-7e4d0a485144,5QY8KM0MR03,SUP-2437
69182ea2-95f9-4011-b345-02623861c388,9MF6C90MA85,SUP-8949
3a0d3306-d685-4358-bd4e-62c7142d6a2d,5NM5W72WG32,SUP-8748
0c30579f-5d8d-4585-89a3-4799a63fe7af,9YU0VT1FT97,SUP-5990
dcc129fb-27a1-4333-b0f5-aa5ee5f64b9e,1FW0WU1QG02,SUP-0230
fdb4c9c4-0c3f-4861-97d8-ac3e2322acf4,3NR4QE2QA26,SUP-6460
5a162d2b-13fd-411e-bb76-5f9f9e461644,3DA2QA4YH90,SUP-9360
50578efa-e6be-4599-be2e-22bf6deeaf78,9AD6JH5RP49,SUP-9284
669ff803-511b-4e62-b9b8-9dce0145a0db,9EV6HU0WC40,SUP-0734
ef2b06c1-abb0-4925-aa92-ece65e68c6c4,6DT1C29RU46,SUP-0800
c50bbc36-21af-4a04-9361-c78913c71618,8DA1XD3KC42,SUP-2306
e432882f-0a7b-4e17-9604-f6a7dfbab195,8E83RC8QW43,SUP-9865
3e3c4101-1dec-448d-b8c0-bad9c85b173e,5Y85J61HT56,SUP-1508
afc26d48-598c-4db2-8c97-1b488d0f3f83,9Y65QV6JG95,SUP-1554
d4387157-e436-4552-b022-19054474c596,6R09X61HK18,SUP-3954
c87cf03c-fbe1-4543-a0b5-ada26c94b023,8RX4CJ7FD30,SUP-5189
18e5cc27-6052-4061-980e-0b6e6261bae3,7VQ4V55JX25,SUP-7754
80baeb34-a486-4bc9-84eb-5853c346416c,8WY6J16VC86,SUP-5540
22bf57a8-6232-4de2-9b50-3fb29bb684a2,7UP3GA0TM13,SUP-9436
21b4edc6-a0c7-4090-ba69-c3900bcba33b,4DW4EV0DV51,SUP-3257
b20d034c-7f21-41fa-86b0-7193860525fa,8T36UD7KN64,SUP-4487
9edb098b-8176-4687-95c3-6f45ebd9ff83,7ND5C56KG13,SUP-9871
064cc923-0e33-41ad-9466-224a69ea9833,2Q26X13NH41,SUP-1146
30104faf-8acc-4646-9238-5ffa389149e1,3JH2ER8JH45,SUP-9734
b61c3c75-8440-4eea-8005-d86e3e60be67,4QE1X59JW53,SUP-9951
35e99985-40ec-4b4d-aae8-259fed83cacf,5A39X72UQ59,SUP-8237
5acf9688-043d-4024-b0c1-8211d07d6fe9,9V33H78WV90,SUP-8344
dabb6b49-b05e-44fe-9b08-28f9cdd66b7e,9KM3AQ6HF30,SUP-4272
752ccaf5-8e13-40ef-8047-654e7c0e4eb5,1C47E01KN35,SUP-8040
8c3a64ed-8120-4650-8cc2-bca4ee207fdc,3Y41U74YP74,SUP-0814
d6184730-f09d-4f77-a916-39b567b40e09,4M05DG3XX22,SUP-9881
e7fd88fa-6708-4f8d-a8c8-d0b8689ad198,5WR8PQ0KC28,SUP-2926
cb42aafb-16f5-4ffa-9c8a-69ffec93dcb5,5PA4NX3EM03,SUP-1508
ce9e2eb8-c50a-4cd7-8c87-48724f6a5f8c,2W86Y18PR24,SUP-4951
9d31b94d-d759-43d9-81a0-c69312f29e47,2P87FA4UX40,SUP-1554
ba6e068d-d24c-4b20-a8e3-46de276f024a,7K72DH9GW95,SUP-9734
787609d1-bc73-4aa4-a2d6-6fb9b8889d26,4J84R17QV51,SUP-3773
5f4dc539-7bcb-4f27-b3a7-4573c222e57d,3J98M89JT89,SUP-9360
b4be130c-4251-4ffb-9c7d-7d06d7e307b5,6AM2H96TD16,SUP-7592
baac0d3b-0894-41fb-ae56-751dc21090f0,3GN7AW4RA49,SUP-6460
44c3e08c-390f-400e-82e0-aa2b3cc83ee4,5UP3G62WW56,SUP-0734
756ccb7a-8b66-4908-a0da-d658fcf54083,3N81A40MG65,SUP-0814
e04e96b3-d6b5-4070-875d-315b4c4fce9e,8MH9DN5YH15,SUP-1693
4491cca3-b831-4a94-8779-768c5b72512b,8EG5J46XT51,SUP-7699
700d607c-388e-49f3-811d-e9291ad79ddb,6AM1DJ4QT18,SUP-9871
f808d340-6eff-42e3-814d-d5450ec6c241,7KM9A34RU49,SUP-0910
757ebc22-9fa9-47d3-b768-d794a5fa044a,5FC5M45GX91,SUP-0230
b25134d3-48f3-4648-9f68-24338ec29073,7PP7G50AY64,SUP-2437
4f56648c-c5c1-4f26-b11f-b73ba46d3792,3HR9WG3PG74,SUP-8237
cdd6c026-cb0a-4be0-ae22-2d728b1a9916,1QQ9HK5NK24,SUP-8346
240a24af-d598-4686-85e9-2cc45f051754,6W36G29MN10,SUP-5990
3a4573f7-e277-4d9e-a005-b5c1762c900a,8AG8DG1TT47,SUP-3534
190c64bb-a709-4ceb-acef-6d36a07a4a6a,9E74EG7VJ16,SUP-5567
70d5078e-fe65-407f-a657-208f933a481f,5QY8KM0MR03,SUP-4272
68faf4fa-d7af-4cc7-84db-4b09092c0e0d,4PK2MP9GF81,SUP-8748
e2b4a69b-b26f-4151-a261-dffa3700c692,1PG0EE1EJ32,SUP-8344
db4f146e-36b2-4f79-bf2c-ffa16199e61e,2RA8YW1PG03,SUP-1901
acfdad1d-5941-489a-bf1f-71d55f1f1744,6F57QG3UE10,SUP-1146
8fbbe28f-e0ee-4183-b383-3edc4e87f127,3PF3YX8MA90,SUP-9951
602b437b-5244-4cc7-84e2-e2d144e7a4ce,8E45VQ8XU75,SUP-3257
26740136-1e72-40b5-b25a-d127535e3b9c,9CD6D33FA21,SUP-7754
ae8472d1-db2c-4b12-854e-1993181c0567,3V25JC6FH36,SUP-2177
b0da912a-9a96-4b75-9ea5-77b95f206a22,6G06WC1DT59,SUP-0800
32659b20-f98f-47bb-b064-406cf533b044,8H02WK0JT65,SUP-5990
f3b8f96b-bf4a-44b8-a5cb-04ff4b1cc051,8GD3CX2EH91,SUP-0910
f5f5214d-a94e-4ca8-8182-53432a338c86,7M62WG5XW11,SUP-8346
84658bd3-658a-492e-bdf2-04be04b111c6,1GF3TY8EE73,SUP-2306
86e9a68e-81db-4376-a7d6-a029fd1ae86f,4J42PN5XR60,SUP-5540
239a211e-fc21-4d5d-a8da-b686401af1a1,2VN6Y95NU74,SUP-0731
e031d8b5-2258-4de9-88dd-a338699c3e8f,4PC7AK5AR32,SUP-1901
38e4dad0-b4f2-42d8-ae61-75668a88cc3b,5WR8PQ0KC28,SUP-1554
1709be73-16fb-4816-a1a8-30e23a77b234,1FX2E79AG42,SUP-2437
3859eb2c-ca1a-4d18-84f5-8d730a4161d0,4PK2MP9GF81,SUP-4272
d9c05e68-cbbf-43d9-a42f-b30b98068b2e,4GF5YW2KK33,SUP-4487
43af66e2-d7d3-4e05-9409-21620c1b3a22,6NN3Y97AK65,SUP-9360
b334b280-93b3-4fa6-851e-46079e989fa0,9D84K70JQ44,SUP-3773
909baf1e-1722-4faf-9d0f-4c12535b5565,6G84F73QC32,SUP-9734
b38a5f90-50bf-4345-b51e-861b23fd0d95,3J50HT4UE63,SUP-8387
168f9206-24e4-46b1-b7f1-75f27792227e,9NT4XV0UP96,SUP-9865
983a0461-71c8-49c6-aef9-bc9f3dee0b1a,1T42VF8UY49,SUP-0814
426c1b46-a589-4462-833c-1601049c088a,3CT0TD6MJ43,SUP-1146
f116c7c9-6307-4d52-ab69-688c169a9e1c,3DU1UP4HF34,SUP-1350
f5b98b89-c928-40eb-924b-4213e5a61253,8JF2YD0GK60,SUP-5189
acaba107-2c74-40ca-9f43-e3300e7e6750,1GR7WG4ME20,SUP-2177
0c9bec08-ff62-4c4a-aa2a-6d448a6b6d58,9JK2ER5WR96,SUP-1693
15063c10-16bc-4952-9a20-ed533b9c5961,2PW1DT4KV79,SUP-2926
70390c12-2c95-40c8-8ca7-5505126b6977,9PJ0Q01CJ26,SUP-7592
bc10b614-60f8-48d0-a6d2-8a343e7593b1,7EC9RE3UP66,SUP-3257
a4b11e2a-d9f7-471f-98bc-10a6253ae3a2,9RU9UX1NP15,SUP-9881
c8553214-8548-4f54-92d7-d9641b1d80e3,4CU3M24DM48,SUP-4366
34e73041-c187-4f76-b962-c3bc1b1e76e9,2X09PF4XA70,SUP-9951
ec825f1c-f212-47ff-9dc6-671d452df385,4JY2Y28DT07,SUP-1418
c380994e-cfec-44f0-929a-f28d09c73ad4,9YU0VT1FT97,SUP-0734
91a71e55-b801-45b2-be6c-e8f675547970,7J20TN5WG61,SUP-6460
1f0827cb-8e0a-4ead-8cfd-1b46f1eb81ba,7U32RX5FE72,SUP-0731
750b9999-e179-44ef-8f1a-113973440330,7RN8AD3TC18,SUP-2437
67148ddf-4fba-412f-a355-c07724da0d1b,8GE8TQ3UH06,SUP-0734
ad186d61-9ca3-4378-bf14-0f6922270c62,8GN6K02FN26,SUP-2177
b86fc1c3-4d62-4a21-afe3-b1e31f98784c,2ME9T12TN91,SUP-0230
dd57f7ae-6a7b-42cd-9669-9deafa61f831,2H32AN7AG09,SUP-3954
e65b40fd-ca2f-4ca8-9f48-b0c85b5f8596,7FR2W32HC29,SUP-2306
25df58f3-565a-43a6-a9b9-15089268dde7,4AP8MX6VK84,SUP-5990
3ebfb4e6-af49-43e4-8eac-f1ccda814a51,9J68WC3GK95,SUP-3257
8d22bf0d-c951-4a85-a908-f85c7f00e036,6MG9CW7YG47,SUP-1418
e49e882c-44fe-4b96-b6b9-401eed99a0f7,7Y27CV9UV43,SUP-9360
be7394b0-15a0-4fb0-953f-4eb09504d559,4HJ1DE9EK10,SUP-8040
ad8cac4a-9c29-4f27-bc45-489a9965ee23,5VA4MF9UH88,SUP-0800
cab891b2-9ade-4a4d-a6f9-f4f3ed5ece88,4FW0MW2KU42,SUP-9734
a8e5d6de-27e7-4595-a9da-cfeb7f936fbe,5XH8RC0YD89,SUP-4366
d0445454-d729-4178-8d20-97fe0ea3e7f4,1HD8YH0ED37,SUP-5567
a4fd8c39-aa6b-49d7-8af5-3f80df1344a5,4AC6DA1GV75,SUP-7754
a3911b8b-8cda-4aad-b3b1-92b11b06ffc8,4VG8JU4NK86,SUP-9951
0a86a112-4425-4d4e-b37d-f08e357b7bc6,4FP9RX6DG85,SUP-5189
0674d15a-440f-4472-a9ef-c555d9c76eda,3V25JC6FH36,SUP-3534
323634c1-e2ba-4339-9d75-e601307a8fe1,6UG8U48GX98,SUP-9436
29e0b758-a3ee-4c03-8e10-9176c75b2f55,2DK4JE2FT63,SUP-0910
bfa6c278-7334-4394-a435-f1687c06582e,3VG8H71XY20,SUP-7592
3fbce9a6-cffe-4318-9f26-14fa86873754,9E76V77EA17,SUP-9871
660ea3d0-acdb-4f0a-920e-2b5d3d16befe,8QJ1XT5GU36,SUP-1508
b6865321-9426-4b3b-812e-e806d953269c,8YX6JD5GW63,SUP-0814
1ee45637-c2a2-4cc4-9f8e-910011dd43ca,8PE2M70GJ06,SUP-1146
8502e20f-3314-4e3e-b308-4dd1332dc204,6EN7VQ7GM83,SUP-3773
01e45b17-1998-46ce-8bdf-064225602db8,7WP4FG0HW44,SUP-8387
f9e04559-986e-43fa-b25d-c8603e1492ed,9CR7HT9JA34,SUP-2926
4f208cd5-7f3d-4ef5-af77-20c1a87a827a,1WX8N42WK96,SUP-3257
b857f7ca-3d70-4412-8028-c1c58189fa21,7WT9YV2FH34,SUP-9865
08f0fc2d-154c-4908-b8cb-31d085d77b71,9T55W41TR50,SUP-8748
33962ff9-972d-4d2f-9140-c4576c138d91,8V00PF3NP07,SUP-7754
e3dfc9c6-2a32-4b04-912c-91f07c90eb6e,4AP2HK3XN79,SUP-2177
56c0a902-fae9-4ded-b3f5-3fb82e6217f1,2G18MM8MU27,SUP-1901
584d672d-5adb-4e6d-98e5-a0d472d0456b,2TE9RC7MR82,SUP-8040
f908c125-a1dc-4ef1-9aa2-5f3896161037,6EJ5TD9PU38,SUP-0230
dcafb280-1f5b-45aa-9e7e-864ca1a3438a,3GX8JH5WK27,SUP-8949
d1f673e8-6960-4982-adb0-037bc14cfab2,1P66X34DT11,SUP-9284
c8c39402-1e87-4fdc-9089-62357e16a137,3J66JA8NF64,SUP-7592
b3e3c072-a8fe-4b70-b0a4-4b448d5f92e5,2G84DN0DG35,SUP-5540
4200d0e4-2869-409a-90f7-8c9d83d5263b,6QE9PU7XQ71,SUP-4951
de0f309e-4386-45ba-b02b-d371e9d9b3b8,8TE5AJ0VA12,SUP-5189
e1224af9-7124-4d4b-84ef-a23f655d9b45,6U53N56CA05,SUP-2437
daea42d6-f612-456c-8f69-aa975c1eba96,8K39VC7EM28,SUP-0910
65d4b9d4-f69d-4625-8eeb-edb53ed5c4b1,9Y07RV4FH96,SUP-1693
a713a59a-f0c6-4917-86b0-afa02f06dde0,2UQ5Q95DW79,SUP-9436
2dc32be4-e3a5-429a-a4f8-cf8f88d83697,8PQ8MJ2PR74,SUP-7699
a16d645c-990d-4cdc-b4cb-57fdf697b775,9DD7GT9NC05,SUP-0734
ef1edc29-342a-49ea-91ce-8f7853f8621d,3HV3NR7AJ50,SUP-8237
4716dce0-a807-45cc-8203-ca8e4ad644e0,6TG1RG3VV59,SUP-0486
603d1508-d0bf-4c73-8f45-43315299f699,4EV3HQ3VP35,SUP-3954
b77df191-e61d-447f-a993-4137ccc2d461,7J06QQ0TW35,SUP-9951
c0938e56-9d3c-4330-b2c4-96f5fe86b571,9V33H78WV90,SUP-0731
99da2aea-9103-4b94-bbff-a38f48d10302,5NM5W72WG32,SUP-1554
baabce92-2bb9-4121-9e9a-51adcd8fbde0,9HJ3CN7YQ61,SUP-4272
b2f715e8-e595-4580-b210-7afe76f9dd13,5P55JQ2HX15,SUP-4487
e2f52a65-5b30-4e95-b824-46fcb40a01cf,2K08Q63FC11,SUP-8346
bc303699-0bf1-4952-bd24-58f0d33fd3c6,9J70EY8KQ25,SUP-1146
380cbb2f-f70e-4a2c-b9c2-0232357589fe,8T40GA2DU27,SUP-9360
cb474dd5-e812-4391-ae8e-de3f124b1b64,7PP7G50AY64,SUP-1693
4b1300d5-e05e-4966-b77f-412265adbb20,5GK1Q53WG54,SUP-9284
26873989-f785-4bb6-9405-79a0e88f2ecf,3UH4YF4TV13,SUP-5990
92c55a06-94bd-4f49-89ed-05ec9badffaf,8RE2PE9MA22,SUP-5540
e6b2fc4b-77f5-49ac-b9c5-0458f2b78a97,1CH2UU3QV12,SUP-2437
fd941cf3-04f5-4e0d-9e6b-6009fcd5eb9b,8XE4E52XR67,SUP-8949
caebb1be-1241-4888-b20b-8dbff2fe8126,3TT7QY3EG29,SUP-9360
50d99428-9aa6-4687-afb3-8ca8ffd4ea20,7VE4KE8FE38,SUP-9865
acb9dfef-e2da-4c30-b955-de3582538231,9G80J22PC86,SUP-0814
0f945331-7cf2-42f5-af0a-26f74e00ea25,5JP2N32AD18,SUP-8748
bd35b06c-381b-4063-8bd5-fa95e167003a,6DP8VP6AX70,SUP-1418
72450cc6-8ed1-4e80-9a2c-9d4ce19c2a92,4XR4RP9FY20,SUP-5688
b69b7370-6792-44a5-b6a3-cd32e0fde7db,2GE7N31FE79,SUP-9734
e36c40bf-cd05-426c-86e2-52a73104d504,5QY8KM0MR03,SUP-3534
68a1a9ac-b749-4321-b896-89a8ec8c67cc,6AM2H96TD16,SUP-4487
e0236731-0934-44ea-bf0f-b5191f0cae7f,7KK6RH7GC07,SUP-9951
87953aa4-4376-4d88-a310-6532f70edb9c,9TA1DU5UQ54,SUP-3257
6c933a96-629f-48ef-846c-a75cfe8a1bb4,8F61AD4XX51,SUP-1901
aec2fcf6-ea14-48e8-8fce-8ac7fb99357d,6M65CD8XJ95,SUP-1146
90cb034d-3772-4614-affe-b00d0b7f41cd,4YX9RY9VQ64,SUP-5189
ac3040f8-e8ff-4082-9b6f-0c62026f927c,1UH9K83DR02,SUP-0486
0f61fe11-6a0f-491d-bb4f-d9452791d474,8YJ6KP9MR36,SUP-8344
49f976f5-4ca1-4935-8884-57de76a9ee7e,6D55X45KW43,SUP-0731
24df2899-6ac8-4448-8c98-1cf5d82e1aa4,9E74EG7VJ16,SUP-5567
008727fe-7ef7-4eca-a397-3b8cf450a0c2,3DJ5JP3HW95,SUP-2177
a287fa23-9ae4-4249-9e9f-ba1dbfcdd207,9CD6D33FA21,SUP-4272
2e252be0-153d-4da1-9d85-d273c60a3bf7,8K66J12MH94,SUP-9871
07430fa7-8b06-47be-b1be-22d855040b6c,7GF1QJ0ND29,SUP-0800
b7caf0d5-71d7-4d3c-bfa5-5fd44f414500,8T66UN0EY27,SUP-4951
8c9f38c6-401b-4611-81cb-ba8429622c66,1V21DV5TK91,SUP-8040
b85f26c0-95bd-469c-8df9-1ef320a0901e,9K90M55CP63,SUP-7592
4eda60b7-e44c-44dc-855f-7d4018ad6574,6MC0RU5JK90,SUP-7592
aeff4b52-ba4b-4ec2-9f3c-01a23a01e322,9KV7G26AC59,SUP-0486
ed9a61b6-4a5e-4a01-aed2-57c4f0b9504e,3G60MP8DT03,SUP-7699
aca5615c-7cb6-48da-9932-1e9a7ccd6198,3J15WW3MQ70,SUP-9951
e1c519e8-921c-471d-852f-fe600c8503f0,5D50KJ3XX30,SUP-1554
fc04c185-fdf7-41ab-a2b2-60849bdf009c,6A01T06YT99,SUP-3954
5d2a5811-2f83-48b8-b97f-f7bbf1118d3a,6ND3AV2FF41,SUP-8040
e98cfbc3-c48e-41b3-8b3a-c318966743b3,6QU8VU1CF31,SUP-1350
e3c7bc21-4b30-4eb0-8d9b-d388e53913c1,9M94MK4QN06,SUP-5567
9598ad2f-475f-4304-89a4-971fe780bd85,3X93EJ7JE41,SUP-1901
ed857429-a7c0-4353-8624-53cb1a6f7ffc,4KV5YY4WH90,SUP-0731
0c534230-1a5f-4ac1-be39-4eb96795a291,8KU9TR3PN41,SUP-8949
54b00ba1-0baa-4246-9fa0-212f3e2bac1a,4AP2HK3XN79,SUP-9734
daca9612-3c4f-43e5-8a22-8a9db9db9a58,8R48JD9TC48,SUP-2177
34311031-c40f-441a-aa91-336f8e9e9f5c,8EG5J46XT51,SUP-4272
0964d9a8-8fa4-4c65-803c-e8eefc29df0a,6Y78PF7QM81,SUP-3257
db37b15a-8936-44d0-911a-9906960da4a7,8JJ5C11DH17,SUP-4487
6a196c65-5f40-4aba-98e9-f6b1a021cd7d,3RY5PN2HX17,SUP-9436
cc63e5a7-8b5c-470a-a3c1-4a78853949ba,3K68VA7VG94,SUP-9360
80d2ccf5-074b-4fc2-93f8-e12c3ddbdecb,9MC2DU9NW30,SUP-8387
5f1109d3-6293-4eb0-9639-a50d35681d52,9Y63MY0NN80,SUP-4951
000644f1-aecf-452a-9777-5bd81041f29a,3WW6GU2XP43,SUP-0734
08dced37-8535-4fb8-98dc-4fd668ca641b,9AU0PM2YC04,SUP-9871
1a5fa3b4-61ea-4c24-9ae3-c2b4e80079fb,9D64DY7MJ42,SUP-5990
16769cc5-6f2d-4031-968a-9c433e00bf91,5R59YP9KQ98,SUP-5688
c31ca42c-0860-4084-b01f-b56ffa5968b0,5H22EA5QF19,SUP-8344
d3d3c7eb-4f84-4ae8-a437-1d857b6a5f4c,3F14WM3NK44,SUP-9284
c6122b63-aa0c-4442-af89-e35b0eaa86e1,7MH5G17KH74,SUP-2437
10f3ce21-ff44-4f91-82f5-05969b3c1ed8,6JC3Q31VF15,SUP-1508
3a2d318f-b66f-4414-a701-3ae229cca897,5UA7GX9MY51,SUP-3773
2d4b9aee-aae4-4d94-b249-f8c1ec0c4234,4Q73TC2KC48,SUP-2926
ce6a836a-4696-4910-9735-e9d40fed4611,3W65V26TJ38,SUP-9881
aac92dae-b5e8-418f-9e30-30bf0e2d40eb,9D37G76UT96,SUP-9284
ae0e50a2-7a12-43f1-871a-b7bd247edb82,8R36ED1GY20,SUP-2926
4d9e6d65-8208-4d5e-af1a-235b2dcd741e,5YM5Q94JW37,SUP-1901
e1f31628-28b0-4e12-a3f5-aef57d2de0de,9YG7J46PP05,SUP-1146
fcd01bfb-394c-4727-9c41-141cc4379665,4P70D43KJ21,SUP-4951
c4e81a25-e1b7-4142-ad74-1746e9173cc6,8QJ1XT5GU36,SUP-1418
9feec816-0e62-4089-8435-913d75d87789,6ND3AV2FF41,SUP-2437
4c26048c-4cdd-4b50-a85e-d92fe19f49d7,7TH5TA3NX04,SUP-8748
641c375c-e5f9-4081-adde-95ea8345e7c3,3F60W50FK87,SUP-3257
c6d0364d-fded-4edb-8510-790f8fab8937,3YU6KG9NQ97,SUP-3954
898af9e6-7c60-4e37-9a23-4ea3b6c05d0e,3H37XH7EP25,SUP-9865
9fbbcc24-7745-440a-b460-7a53535dc805,3N00PW8PX33,SUP-1693
44661392-7303-478e-a779-5fc669ac8c6d,3G33H31MC57,SUP-0486
2418882c-8c65-4957-9e85-b2483aa50bfe,1C96YQ4XH56,SUP-5540
1a746ded-d47d-41e6-850c-f0003cb5afcd,2DT8DR3GY38,SUP-0910
d140e64b-a135-4d69-b04c-251f6e370979,8YF6GE1AP62,SUP-5189
676cde8a-9bdd-4c2d-a70e-dacfff7aa07c,4PQ5KU9WN05,SUP-0800
fab40990-b8a4-4660-ae45-8e6820af3587,5RK0M74WH25,SUP-0230
31e4243a-2ad0-4498-943c-b7ea906465c9,8G98PF3MQ84,SUP-9871
ecf8f794-6903-42c8-a8fe-39ce988e6dba,8UK4DP0TC90,SUP-0734
93d8cf52-16f3-41de-aa04-2a614c1b26ce,2YD0HD5AN18,SUP-0814
daccce48-785e-42d9-9102-a9afbfe42f25,4Q96FK4HG92,SUP-4272
ae679040-0c05-4669-b19f-5e69eb62b943,4JP5V57ET01,SUP-3534
5e88087d-5f44-4bb8-a348-4cc45e594d1b,4P91JD3MP48,SUP-1554
564d1c0c-15de-4723-b327-f1d7bdadb0e1,3GG9HC9RX69,SUP-1350
d77463a5-3555-4b69-823f-eec88c2b70ec,8NU7RK4CD21,SUP-4487
58863662-8935-45bf-a867-92bc6867c207,2K42MN4WN05,SUP-1508
3ddb7a32-ed89-41b4-8124-85709e00772a,5HE1HJ2UK35,SUP-8237
14500f67-65be-48e9-bcee-3620ab1d7c31,8P49KN2UW01,SUP-9734
2e927969-236d-4331-96eb-faf4932959e8,3M69H17PY53,SUP-0731
b0351aaf-917e-4e18-bf05-93f21d8baa1c,3MM6XF2UW91,SUP-0734
711a88f0-b7b1-4e6b-a701-faf5034ecde4,9W40NH4GY46,SUP-9734
bd0e0469-7950-4f01-8730-0f2205e4f263,6QE6XH8MV68,SUP-9951
6570fb23-e479-4773-9e35-587d702a4b75,9JU4HR4TK14,SUP-3773
87ede410-af64-49d9-ad90-8d52bc5136f0,8HN4G62VW51,SUP-8237
340746f0-39de-4318-99b9-e473a9900be9,6GA6U08EU40,SUP-3534
ea6a349c-093b-49cb-aa83-ff60f314ed88,7J20TN5WG61,SUP-9881
8bedf905-de6d-412f-9c7c-b0864a4a00eb,6EN7VQ7GM83,SUP-6460
80082210-0025-45b4-8ffd-085be95203ac,4P54P77ED10,SUP-8344
9bb88029-41a8-4609-a88f-7c17aa5828e5,5GP5W38YW94,SUP-9284
36b271a3-cf3d-4bb4-8d19-ab66014f7111,5VF6G85KV72,SUP-9871
1b2ed88e-45d1-4774-b156-51f0366b8bb3,9KH8Q97GC46,SUP-3257
95572368-416c-4e2c-9016-0f0edc45e3f0,8PE2M70GJ06,SUP-0800
c5a5cf81-d8ed-4332-aa68-8f703e4454e5,9DN7GE7JG19,SUP-2437
5e8db780-97e2-4c08-ac09-f3e58db1bfae,9RQ2V67AX99,SUP-4366
05dd6b5e-002a-4732-aa92-0c6fea017546,2QF9DF6VW64,SUP-9865
fa7a0853-9b19-4d02-b64e-73ed0c6d5b47,8U42XX2NJ85,SUP-2177
b256f357-ba36-4c1c-8743-e4da9aa70eed,6VP2E03GU76,SUP-7754
9b5e298b-ec5e-46bf-aef4-03c05e1eec0a,5MC8N94EA53,SUP-9436
00a2530a-585f-4263-a479-89e8a34d05a4,1DK4NC9NC98,SUP-1901
f72ac475-062c-4193-ac4e-a59b9105f73b,3E96HE9NF84,SUP-4951
d64aaff9-8ba3-45f3-9f8b-451b66152fcf,8UK4DP0TC90,SUP-8387
15b17c75-5daf-4e85-a06e-4cb2f85988fc,3RH2P10HJ40,SUP-3954
52573fce-22de-486c-b625-f33c00a2332b,8CY3FG2MR62,SUP-1508
2a92dc47-0808-4e9c-b31b-53c77a72010f,6M65CD8XJ95,SUP-4272
28340c01-1ce0-4f36-b26c-1b7af951f62f,6DM9U37WG58,SUP-0731
84a6dc4a-83d5-4ecd-a531-69502027de82,8K95YJ5AF70,SUP-5540
faf707ce-e9f5-4e5a-9a4e-26dcac815f3f,6F45PW9NR03,SUP-1350
505758f9-acea-4a6e-8a0d-6f4561073a5d,4W97VK1WR58,SUP-8346
0b2601bf-1b4b-4ebf-8b22-6ed73a6e6346,5CF9VH1AR75,SUP-7592
6392959f-367f-4fea-a71a-2aa8947d04ab,9HK3A43QT61,SUP-1418
13d06fe7-cba2-4989-bb83-014ad7b7b6df,8K66J12MH94,SUP-9865
9c41d4b0-1474-4b28-a316-41ad1bbb50a9,4YC6WQ1UJ19,SUP-6460
fae9f017-8ae4-4d06-9c92-68f9b85ff23d,2JD8MP8KK14,SUP-7699
0c576100-30c9-4ece-b44c-753132935d66,7DT2YP3XQ61,SUP-3773
dd426044-89b6-4e65-91cf-191407b28a1e,1V53W13VR77,SUP-1146
0b63d43f-c5f4-4aa9-8bd4-79128544fdd7,9KH8Q97GC46,SUP-4272
680a8b5b-9b1a-44fe-80f5-bcbe49277cc3,2YD0HD5AN18,SUP-9734
2124ef1f-9ba0-47f9-b37c-252d1a95840f,3EP6JA9TR78,SUP-1554
bb93bb22-964b-4999-ac63-aed7d680148f,8R36ED1GY20,SUP-8387
a9bf068c-9503-40d3-81ec-a08255e4e4fd,1T77D99QT02,SUP-8040
4d73fd4c-93d2-4bcf-90fa-5bcdd4048e77,3KG5YM4FY11,SUP-0731
64f72a55-d5da-4e56-93ff-492c5ad51b4f,5JP4GT2CH02,SUP-2177
e858b1f4-3350-46f1-83cf-66024594ea0e,8U34XQ9JY74,SUP-0734
0754248b-89f9-4940-91c7-775577e1f607,6JR7AH2CY52,SUP-2306
e441e195-e25d-4d5d-b782-a79cab8ac01d,3RN7RF0KW06,SUP-9360
9e460ea5-0286-4d34-a34b-06a1f24b4f2e,7YU2CU8CK24,SUP-7754
7c924de6-cd5a-4a5e-a375-b2d3f7af75bd,7K16W91DJ79,SUP-5540
389eada8-7a1d-474b-a395-0af90766b43c,7ND5C56KG13,SUP-5990
2912b1d5-ae2b-4feb-8ade-a0cc406ec19a,4W97VK1WR58,SUP-8949
a5d1dcb8-57b9-4666-a8a5-8c591cfc35b0,7TX2D12RE32,SUP-3257
fe686ef2-a46e-436f-86f5-5fd2407f52ab,5C23DE9EF98,SUP-0230
79094e1b-d0ce-45ff-9414-e90c919cd757,2YA0CF7UA79,SUP-9881
a1eed78a-94a9-45e3-9e3f-108d28ba43b2,9QX2E62XC78,SUP-5567
d0762b6f-a66d-460c-ac19-3ecc2b3a690e,5VY7PR4QH43,SUP-3954
1fa74208-b1ef-41e5-94e4-e8fc865ba4eb,3W47ET7NF95,SUP-4366
5e869826-b6be-46b0-a992-f443c5d248c9,6DT1C29RU46,SUP-7592
bd863337-cf91-4bc6-bf36-2406af19c08d,8JF2YD0GK60,SUP-4951
9a07e330-8461-42c9-895f-706bbae02c39,3Y41U74YP74,SUP-5688
cda697fc-9dcb-43fc-b59e-92b1bc1ecdfa,1FN3C75JU99,SUP-2926
80b73731-de71-4d7e-a944-79a6e35380c2,7UC5XY7NA95,SUP-0814
f5432020-fc99-4ca6-8373-5abd31587536,7G93QY5DC02,SUP-0800
279f7669-9c32-40f6-9c14-a6739cc944ea,5N83FT3UF66,SUP-5567
ccd71d9d-04d8-4edd-b62e-69fcebf61719,2DK4JE2FT63,SUP-4487
251d63e1-ec59-4a6e-8ed5-bbd61972a17f,3Q62WA2EU90,SUP-4951
e323f11b-6f68-45d7-9ff7-d91d302b0373,1T34UK0RV06,SUP-0230
5f86c22c-2125-4499-9882-1cc38bd3e967,6YG3J27KF89,SUP-5540
36c88177-a36e-4ddf-9698-bb8854598e28,7KK6RH7GC07,SUP-1693
b03427bd-63cf-490c-bec0-0cc44f21870a,9DV4D90KG62,SUP-8346
c2a53325-4d4d-40f6-b26e-f0630eed7934,1DK4NC9NC98,SUP-8040
6fce4788-d84e-4091-9812-d253af0f587c,2D42PD0ED69,SUP-9871
0523d667-ea12-4685-aac0-43970785db89,8JJ3RD3TH46,SUP-8748
76820b7f-40ca-4d85-a80c-2664b1578706,9D37G76UT96,SUP-1418
96face97-492b-45ae-9819-739ae395b02b,9G37H04FN76,SUP-8344
9ed34ca8-f4b6-447c-b6b4-4635156b6184,3ER8HA5WE92,SUP-1901
34aa55a6-82c6-4701-94fa-9d653a50c7fb,7UK8V82XG36,SUP-0814
3f96b559-7ed0-4644-9ca5-3f17f406c764,9KH0VA4AN63,SUP-0731
6a4921c8-00fe-4b2e-9a86-c91fe783cd7a,2T85WD0UV73,SUP-7592
6bf8e84a-3c6a-4562-8e73-85dbd07da302,6MG9CW7YG47,SUP-9360
be4b9867-51e4-4c13-9c5d-d7670fbc0682,5XP9RM0PV50,SUP-5688
73cf7c49-f1eb-43f1-a05b-95ecdca424fd,5JR7U50TP33,SUP-9881
3c16b4e7-1389-4c7e-8020-bffa631c8d4d,5A39X72UQ59,SUP-7754
7d555dd7-81c6-4227-b6fa-d6f95601f819,9YG7J46PP05,SUP-0486
1e488967-9b0f-44ec-a91d-4c4e4a3ba0a0,9RC5JX9RK71,SUP-8237
8555e5ac-9018-45b9-be71-2b99abee45de,2E76KY2RJ59,SUP-3534
75313ea9-da21-4eb1-a3a8-dadf1cefc0c5,3NH8CR7NU83,SUP-9734
b6d35fe7-8fa3-48c4-b836-376ce1ab9a03,1RT7R82EC27,SUP-0910
d78f1691-93c3-446b-87c1-1fdd762ff0bd,3AF4AF4EA95,SUP-0734
7adfee07-dd50-406b-a408-fd3e2ffd8134,9M28ED4UF96,SUP-1146
8ed0c4af-7f52-4e11-9549-eb0dde375bfb,1QU0CV5EP65,SUP-8949
d4ef0b10-ba46-4e65-8b74-c09c665eb663,1FN3C75JU99,SUP-2437
b4c958df-d9f0-49f6-8c29-81dcbe90aee2,7PP3KN6RY01,SUP-9865
b58f9a9a-5b6e-48b9-8d12-d8379c991725,6D59X96MJ29,SUP-1554
bf4d9357-3193-4357-b80a-d3bc17a7135b,3M69H17PY53,SUP-7592
a261d933-22c8-4826-bc11-de404e505d32,8RX2Y69CV88,SUP-4366
8b07446d-7b85-40eb-b223-806178b287ce,5QQ7AP1KD79,SUP-7754
01f4325c-0355-4c3a-b1d9-ae8038a6bbfd,5RD9QM4PE71,SUP-6460
9ab66017-1430-4662-8ac0-28eb58b3fce0,7J43W84UJ95,SUP-1693
b25e6305-8665-49ff-871b-0d6362e1dc95,1CC1JJ3NJ60,SUP-2437
fe20d033-891e-498d-9fff-1f3b164cee16,7G71EN8QN56,SUP-9436
0ef08aa7-4047-4bb3-9a19-9d3f14fd8ed3,5TX7VU3CM57,SUP-0800
6f2906d1-f672-4a28-b541-0685bcedcea2,2R00VC6RT93,SUP-0731
d0ee10d9-a987-4706-a714-1d5d4602257b,4XV7NG4WG71,SUP-1350
c8c21be1-2fce-43b7-8f9e-45a2ea9d3032,2UU0U31NT70,SUP-3257
cda7258b-1619-4a6a-a4f9-e7c0c16e8b08,3QM8M77TD29,SUP-2926
b8ee782f-ebe8-49aa-bc0b-6349cc6cd2b1,9NR4C31MA90,SUP-0910
1e4a4a18-c304-4e8f-842a-352de8c77011,5UD9PK7QN26,SUP-0486
e4a95a72-5ee1-4d89-a042-b2389d8c3bcc,5T22J33MM56,SUP-9284
502f33a3-ab6b-483d-acd7-d9ff703a3b29,3WW0D43YQ33,SUP-2177
93449e14-6182-4d57-b5c1-8c4b0e1988b6,4UR1TJ3HT93,SUP-4487
bca54b84-cb8c-4cb0-aeaf-9a50aab5f80c,9K34PC0NC17,SUP-7699
20193123-5e2e-4902-bada-3f0f775b237c,7JR9T63RM25,SUP-3954
c1e5214f-a24d-4a7f-81c8-b66955def9ce,3RA9UQ9WQ66,SUP-9734
e2543110-5682-400f-a579-5ced3c38151c,1FN3C75JU99,SUP-5688
3db88e6c-e69d-436b-afc0-d317c96cefdd,7N79QF5NH53,SUP-9881
64baf4e2-16f4-4fcf-8bb9-3c56d75b178f,1XD3RY1AN26,SUP-0734
6740c663-2935-4a81-af0d-0a26faa7a6cc,2JA5G96EE59,SUP-4951
3c81c6d9-bf82-42b6-8555-609339f6150c,6R09X61HK18,SUP-8748
9ee95d02-b1e0-43f6-8f04-5b941135b994,5XH7YA0EH54,SUP-9360
da902830-8b1b-4778-a78d-70164faef526,1XV5R80RQ85,SUP-5189
cb8bb590-83fb-4616-8f2c-209dfbf182b2,1T34UK0RV06,SUP-1146
70759fcc-89bf-47e5-8e54-5ad339dda13c,3RH2K34TV37,SUP-5990
d7ccc73d-3d73-48d4-b79d-de79e734716d,8XE4E52XR67,SUP-3773
be5a3087-b5b0-4624-bfd5-add6972757ad,9DN7GE7JG19,SUP-8237
16ffaf72-f0bf-4566-adfd-edfbaa3a4d33,3E20ER5MH64,SUP-2177
20036b48-13b1-4bbc-b974-81025811b476,8AK5W15MU34,SUP-4272
5a8fa358-5bd1-4514-9616-aa58f93eddf0,9MK3E51EJ28,SUP-4487
f948af35-bcce-4c37-90fe-8b4eb66a65f4,5C23DE9EF98,SUP-7699
b14da31d-45df-40cf-9ed3-d1e7aa725191,3H37XH7EP25,SUP-9734
9f5f237f-d682-4dd4-9c8c-99a40da89acc,7NG8X94ED12,SUP-9951
5ac10310-1c75-4e8e-b68a-5c9da642a150,9UA0UQ3AG89,SUP-0230
4d3fdcba-f904-49e7-b831-937d2c749b4a,2M09VH3RC32,SUP-8040
e0abb0d0-4552-45aa-91b1-2149638c1737,8QA0RM5EG12,SUP-8949
b0cafa8d-a1e0-4b29-9ca2-3a0cca268dc2,4FX7N47GF59,SUP-0734
1dfed7c5-e7c6-4db7-a137-6a406eb39ace,7FH6Y56DD78,SUP-1350
fe49ebc1-af10-4de9-8fe4-8a03fcd39f59,3RN7RF0KW06,SUP-0486
bf0c729c-6f15-4a77-9337-2c5680a19f3a,1RC7AJ0EW94,SUP-1901
84b3a018-5008-42ab-bcc5-c44527345c8d,1F54U06HY85,SUP-5688
a0a678e2-d2a6-4c7b-8358-acc9399cb70e,9RU9UX1NP15,SUP-3257
5a2f6f35-c4c2-4a6a-a727-883de6ee2ffc,1RG6PX7FP45,SUP-8344
6cdc801b-f547-40e0-9fcd-2a8ef188714f,4PK2MP9GF81,SUP-9871
2b4db044-d265-4612-a829-797ded270f3b,1RE7Y02DG83,SUP-9881
4ea9d387-355b-49b1-94fe-8d34b88045d4,3RY5PN2HX17,SUP-0814
e857bfdc-c0d5-425d-bced-78ff37b41ad4,5E50AK6RA79,SUP-2306
04ffc8ed-a2c5-48d2-8568-292008b7ef97,5XH8RC0YD89,SUP-1554
08ade1b7-c222-4da7-9503-9190c9b35780,9DD7GT9NC05,SUP-9360
7dcf3cc0-7cce-4bcf-a16f-36c087d0dfb5,8JJ5C11DH17,SUP-8748
9c29039a-8b0d-49d4-bf41-9bbaac88da18,8DA8EK3EH41,SUP-9865
adb41829-50a4-47b3-90a3-33aa2ffa6f0c,8TP0F82GY58,SUP-4951
5b9e7bef-cd4b-42d0-896c-f3315b5ecc76,1C59U20AX12,SUP-5189
e266a162-190a-4174-81b7-575a3d1007e0,6QG8JC4GC89,SUP-7754
738087be-bb10-412c-9fa0-5fea87eeaf50,1D38QA0TC15,SUP-4366
2a21f4fc-8194-4faf-8cfa-7eb9bb670fb2,9T59GD7KJ42,SUP-5990
fa8e846c-4628-445c-81f0-618500c4c767,9T79PY4QC61,SUP-8237
b0b4d084-6a66-42de-9c62-9147f7326a18,6NN3Y97AK65,SUP-9284
16b11a97-4398-413f-a05b-1f0117013043,7T94RE9HJ68,SUP-6460
1d3b74b7-0d29-48a0-8e60-c76343a7c9c9,2AD8TF9FK39,SUP-1508
6e2b72a4-cab1-4c98-ad81-fdd8a7b4682f,2H06Y36EJ11,SUP-3257
ee507e5b-b52a-4ec6-8f88-a8fb34817e74,1T30RV9CW41,SUP-5189
c528e585-8fb8-4de6-a5dd-d6c5166e22e1,7J20TN5WG61,SUP-0230
7d9aecd7-5852-43b8-b8b8-3277e4f0161b,9YU0VT1FT97,SUP-8040
98af4c51-ebcf-436b-848c-a78dd6e8f4e0,4QE1X59JW53,SUP-8344
e395c1e5-3854-467e-9f08-20860c6d21b8,9NR4C31MA90,SUP-1350
77f0463e-b4f5-4265-b728-483a215431c7,4JY2Y28DT07,SUP-1901
78bc6023-6ded-4f02-9541-1ebbc035ec68,9V70YT1PW04,SUP-9871
03fb2562-ff1f-4171-950c-e27736ab4ceb,5W59MH7RT31,SUP-5540
716762a1-d8b0-4ef4-89d1-a292853e9cae,2RA8YW1PG03,SUP-9881
8080c176-531e-445b-86d4-3e71753dd2e6,9N92FJ1JM87,SUP-0734
3c3ed779-2bef-4076-8159-b607e36a5bf6,9JK2ER5WR96,SUP-0800
1e27feb0-bb4c-4e08-a802-067b60ecd031,1P87GV0MN97,SUP-2926
3102c993-fe37-4120-8eb7-dd4b62d46c86,1XD4F86QF89,SUP-0486
8d581a89-f8da-4a00-b8aa-da137beecfb6,3JV5EG1DY65,SUP-7699
0fbb7c28-66e2-4d9d-8ec1-d55b8960ab53,3HP1T71XG28,SUP-2177
07576446-622f-41ea-9a01-38c2f04c8470,1AY1YT9XY16,SUP-1146
9acd4604-37ae-414c-807d-4c670ea2f9ee,5NX3HA9YU53,SUP-8748
003e02fe-99fa-4229-8111-44384c191ce1,9TK5E13UJ63,SUP-4487
23cc82c8-e1a9-42ea-9bdd-6f0b50707edb,5KP0KK4HA28,SUP-4366
19901eeb-5a45-4463-aa10-6ae6435ff626,5QP8VT0AN53,SUP-3534
6cc45cec-0726-4be0-9eb9-db903ed82d0a,8EG5J46XT51,SUP-2306
ce64478d-1cb1-41d0-8472-881148e003fd,3G33H31MC57,SUP-9951
350724c5-7e04-4e05-99c2-a28b43f7adec,9WH7HE4PT06,SUP-4951
0a82b465-5212-410a-be09-3caacdc390d6,5TX7VU3CM57,SUP-8387
223de312-4fbc-4ca6-8606-f69ceaa6bc70,4PC5DG5CX19,SUP-9436
a3fa9274-edad-45ce-8c96-af27b46a7aa9,2UU0U31NT70,SUP-8949
8568355d-a434-4b6c-9813-01d74c6add10,3J45HT4PK51,SUP-1693
e05984cf-c6f7-49a6-9414-cb8f20a53f40,3VP3X04MH49,SUP-8346
510d1889-c631-44c3-9435-9fc8622941fd,6GA6U08EU40,SUP-1146
52a41b37-c674-4a0c-ac00-f7ba8e8b9037,5JP4GT2CH02,SUP-3773
cf1a8ba5-eb41-446b-9815-89ac1b9e19fa,5CF9VH1AR75,SUP-2926
c760875d-e0c4-4d76-8404-1f469753e42d,8WY6J16VC86,SUP-0734
c3670944-9cbe-4100-9006-5ebcfbe4a3fd,5Y53PQ9TX40,SUP-0486
169e9ef1-7ded-495f-bf1b-b103a49cd0ec,6J34MW9AJ71,SUP-2437
cea36df9-1f14-4bd3-963f-fb1d1927e126,6M65CD8XJ95,SUP-0800
7d12b077-5078-42a1-9871-951a4722caf7,2Q26X13NH41,SUP-7699
06984217-33b9-4e09-9b69-0f155a3189ae,8R82TQ7GK73,SUP-0910
98e3b691-5e4b-4690-9d86-7f7baf9fa23c,3RK9M90EU13,SUP-8040
59bf3fe1-ff1f-4db8-b13a-2c075c8a03b1,5R59YP9KQ98,SUP-2177
6c9c0f64-d6a3-4377-96b3-c7eef42a4c97,6D59X96MJ29,SUP-1508
26e59762-408d-4843-83d0-36012347a179,7JE0R68YH85,SUP-5189
e5dd51f2-ac24-4775-a6b3-ea39b7d42f61,7DW0RK9DY74,SUP-0731
b5d8bf60-6dfc-4dd5-b4cb-a4acf3edaec5,2A09F31PV59,SUP-0814
9f68daeb-5909-4fc4-8801-73c82dd1c60a,8KF1MD6PG33,SUP-5688
b3c8c397-4ba9-4461-be3c-1bf2b50ef63a,9N24D92HH27,SUP-3257
ed3e1afa-ee02-4390-804d-330313b9aabd,5ND2GP9FU54,SUP-9284
5f87ec6a-cd99-46fc-bdc5-d5e8b765302b,7PP1PK4XV31,SUP-4951
53ba8a7d-5334-4696-b7a6-95deb34563a9,3JV5EG1DY65,SUP-4487
7e897825-3c34-4b7b-beea-455f9bddc567,5GM1CG6PV44,SUP-8748
635a6aad-873f-4366-9dc6-a8c2bc38d8dc,9KH0VA4AN63,SUP-5990
5837c695-3269-4f01-a454-e64c9a0ea610,4VF1XX8RD69,SUP-4272
b2bed6f7-68a3-4a20-94d8-c7cb21e4bc63,1QU0CV5EP65,SUP-8949
b614e4d3-f224-46ec-9571-baf845a3eb73,1KK7U01CC64,SUP-7754
a7ca753d-89f7-4ed1-98bf-b051630f2132,7A90Y64JU11,SUP-1350
36fc2b48-1be2-4376-a749-f3008a7560da,4WR8C81VY42,SUP-5567
e28061fd-0f8b-4048-a08e-b8d702a2fc77,2G84DN0DG35,SUP-9865
bbf86fb5-d96c-4fe4-8a83-9134b214ba80,8G52AG0XQ10,SUP-3954
336757d2-7657-4fbc-8071-6d8430e3ff90,8QJ1XT5GU36,SUP-2306
b33e7bf8-8bba-4b4f-9c73-7f82807e1790,9Y63MY0NN80,SUP-8237
1244db3b-82b2-4c38-933b-a41941d832ac,8Q75CP3YD03,SUP-8387
896e2ee7-6146-4424-9cd6-0bd205cefc4f,7U63YH0MJ04,SUP-3954
f52325a7-49b2-495b-9e29-13518af0eb03,9CP6E82YU46,SUP-1350
819ed2a4-34a8-4ad4-9fd8-75a24c3e1a37,1XD3RY1AN26,SUP-0486
535cb69d-cb28-4da2-bde7-8fd9ce74ca12,6ME8PM5XC97,SUP-8949
a81e0269-78ae-42f0-aef7-8999b45ac542,4AP2HK3XN79,SUP-7592
eebcce29-7998-47eb-a4ec-ae8937526912,1T42VF8UY49,SUP-9951
8053b9db-da42-42fa-a3f4-458468dab3aa,6N70GD9KM62,SUP-4272
831e18ad-5b46-45ec-93ee-432189f57747,3M69H17PY53,SUP-9436
c60aa173-78e0-4f4e-b00a-44a5c699f01b,9RN1FX8YQ02,SUP-2926
778005bc-16e1-4fe1-b312-91223a711afe,6M08CQ0CG75,SUP-8237
f7106763-f679-4f82-81ac-b6127aba7387,9V50N37YY07,SUP-1418
63c12f7e-69f7-44e4-b712-349af4b08e35,3YU6KG9NQ97,SUP-3534
86da5a60-7009-4716-bfe7-b8071ea76108,4DH1G67RH30,SUP-2437
b8e37d90-693c-4832-ab97-4cc041bbeb1d,3J98M89JT89,SUP-3257
c311377e-0eed-4373-a81e-7b6f1e5b10f5,9UJ9NC4FH47,SUP-3773
92099076-e6b9-41aa-9757-31fae744b90c,4PK2MP9GF81,SUP-0910
3ff02fd9-0076-49c9-a7c8-3fb90e967b1a,2H32AN7AG09,SUP-1693
c4862b42-542b-4b80-8de5-e8abb9047527,7VG5PC2QR66,SUP-5688
36db10e1-addd-414d-8e27-102dbb7b4a7f,9KV7G26AC59,SUP-5567
94111245-9d85-40ba-846f-734998996ace,7K16W91DJ79,SUP-2177
dd40f62f-ff24-4681-9bf8-5cca55d1ba68,9VH4W95EH47,SUP-0800
9954a464-3407-43b8-8427-b0986bfc38d1,3J50HT4UE63,SUP-7754
383c197a-f44b-4100-a094-633bc8df9fed,3MM6XF2UW91,SUP-5189
5c40d68a-6c2a-4880-956d-4aa320e3e6e0,1HF7XQ2TW19,SUP-8040
39ba0a60-d29a-48e6-84d3-40d711a8e799,4PC7AK5AR32,SUP-8346
3dadb822-35fc-4cc2-b319-7b9158699014,7GA3X94UN53,SUP-1508
79ec6971-4be4-4e60-a7d1-21d0d890b4a2,1Q62PA9NY60,SUP-7699
17a194d6-8e3c-441c-9cf9-a75778646c79,9V33H78WV90,SUP-4951
de40235a-027c-46f4-a51d-f7b16193fe3d,2HC8DN0QD86,SUP-8748
b3cf930a-5ba3-4828-a435-22d66d7eb899,3F97EW1RA05,SUP-1554
5880d323-fb82-4aac-a813-054928e1ad6a,3PY7WA3RT25,SUP-0910
31395132-2d0a-45f5-af72-58355f5b1463,2WG2RK6QX62,SUP-4366
06a4b03a-7f56-419d-ab00-6764ec5e0afa,2C11YY1MV09,SUP-0230
2a8614af-5173-4794-83f3-51f1bcb0d9fa,3F97EW1RA05,SUP-0486
e11c0002-0df5-4baf-bd1c-d522c83e2465,2GX4KN1KK98,SUP-8040
9c59f800-aece-4635-b5f2-1dbfccdd6333,2QY5P85WE40,SUP-5688
80f1a392-d195-460c-ba49-99ff1c6f3db3,2H32AN7AG09,SUP-1554
95c5edba-ee03-4a52-8313-ef807d934d60,1YX6MJ9KF55,SUP-9436
458caa94-0541-437e-b65b-5b97ad626ea5,2UQ5Q95DW79,SUP-0814
94026636-f81e-457b-8901-43c455c34b1b,3AC2DV9GK03,SUP-8387
ea7e536d-8add-4163-a695-4527e864a10a,8H02WK0JT65,SUP-4951
63c7803e-01eb-400e-8261-b9729e91bd8a,6K27ER7VV62,SUP-8748
46fabee1-7762-412a-b8ae-43bfc9bb9a51,1HD9AT2XN99,SUP-0734
5bb196f7-e35f-4c0b-bec9-d01948e0b30e,6GF5YT9UP23,SUP-5540
8730d2c0-a7d8-4de9-aeb0-b77b5c820a52,7YM3MD2YX86,SUP-9881
11266282-c21c-43c7-a9b7-566c32e34af6,5WR8PQ0KC28,SUP-0731
15d3c2df-94fb-4af5-ac8e-0240c7eb992e,7DP5ER2HP82,SUP-9871
f7cd3e2a-69ae-4bd4-ac1f-a02678c5c968,1GF3TY8EE73,SUP-9734
a6d8b146-575a-491f-bc5c-d48747f688e1,2J06NR2VU39,SUP-6460
1a23dd9c-43c6-4c44-a896-75116b768d59,5XU0C87XT11,SUP-2177
6a181c7f-08ca-4975-9a4f-60acbc380e3d,7JV1GK7FX89,SUP-8344
aaff716b-1fe3-43ac-be00-64e7451f36f5,9VH4W95EH47,SUP-1901
cab2b8f6-4481-41b4-96e1-75c400d65250,9J68WC3GK95,SUP-9284
ff12cf2a-6781-48db-ae2e-8acd695021e4,6F45PW9NR03,SUP-3954
857f6dd9-0781-455b-af06-92a371dbf65c,4XG2UW7CU24,SUP-8949
20620281-b547-47dd-bf2a-6a51cca6d552,6TG1RG3VV59,SUP-0800
40ab0794-daea-4d3d-b80b-b26fda61c523,8WY7WC5DD53,SUP-1508
bc36e995-c787-4179-8a83-c256bc161292,9PJ0Q01CJ26,SUP-1146
bf30eebb-7319-45ce-ae52-52a6dab5fc92,5VA4MF9UH88,SUP-8346
700f1122-1739-4c3b-abd4-f07dd267cac8,7VG5PC2QR66,SUP-1350
78791a9c-4001-4ca7-a475-be5ca59af4b1,4C01HM9NY77,SUP-9865
79216775-2793-471a-bc76-d95b92fdaef0,1EU8KF6NU80,SUP-0486
9c3bc431-7c36-4844-a235-b32591186c26,9CM6N39GF00,SUP-1693
7911c2b1-4e6d-40c1-94dd-799be094a746,2YX9RF6GV20,SUP-3534
8e3ab4be-5256-4364-a6c1-20eb180612f6,4UQ6FC8RN11,SUP-8344
b189fbe0-370b-4061-9027-fc0355fd3f3c,2FJ4JP7VG94,SUP-5189
e00ef1af-77bc-42f4-9b8e-83841a7ec92f,9TA1DU5UQ54,SUP-9951
b8fcc29b-be55-4254-93ab-cf5ddd7eb1fa,8Q75CP3YD03,SUP-8748
a1c623a4-73da-47ec-8b1e-cc6bdb3efc62,6P72KJ7PT74,SUP-5990
b91bd82d-2c52-4b90-a47c-b1632f1d2984,3NT5FJ3TR49,SUP-5540
bb1bd39a-863b-48a2-90bf-63dd4dd9519b,3VM2GE3WC43,SUP-9734
d0834c2c-0b8d-4698-9fd4-8e2cd6a57c62,3XG5AT4QA15,SUP-8040
554e1976-212c-410e-810f-574e1d391471,5GP5W38YW94,SUP-6460
13f591a5-9422-45dc-bc6c-d3a2cd7d61ff,3GT3AC1WP29,SUP-5688
6c91ab30-82d4-45e2-b61d-aaa05348173c,3UC7JV4FH47,SUP-9284
51855923-0ee1-4e49-8699-9d721d4af876,1WX8N42WK96,SUP-0734
e7e955b7-256f-4beb-be50-4af03a81c73c,1DW7DK7KW22,SUP-9436
59a23b42-4028-4449-a0ba-afef7c4d3a7b,8G98PF3MQ84,SUP-0230
226c88db-0904-4866-9b32-5c058994c2fd,8K39VC7EM28,SUP-0910
b1a94b2c-ca76-4bdb-94ac-ee0d4bdc6a1e,6D30QT2RP42,SUP-4272
cdefb36c-4802-4669-8e78-5e66b653198a,9UC6DY0UE55,SUP-4487
2f469e6d-c883-4c6e-8891-18924c374b64,7DW0RK9DY74,SUP-8237
f2c5fcc3-3407-42ff-9654-ceab424912a6,3WG9CG3AR83,SUP-8949
3812f7ab-6bed-4608-96b6-17cc5f971a9c,1J02P78NY81,SUP-1554
7e20ca71-fae0-41a5-ba7e-505690e9e81e,2QE7VT1AG92,SUP-9865
4408d735-47af-4b9e-9188-dc148beff8ed,5TV8NQ1EC89,SUP-7699
7a9ea42c-15d2-41e1-9829-fcbce72ac707,3JH2ER8JH45,SUP-2437
5f808817-fe3e-41a6-a53a-85e7003b5713,1GR7WG4ME20,SUP-4951
0523e4a8-6128-4021-af41-65b2a2b01a23,2D42PD0ED69,SUP-0814
e8e3d452-c6f1-4e46-8875-4c8b34754c4a,6DP8VP6AX70,SUP-1146
2ba7657d-b939-43f0-8bd4-e920de27bf36,5EE7UE9RU42,SUP-1508
d8491827-4eb4-4daa-9a68-e07392e6e55d,1J04DP4RR81,SUP-3954
53ace59e-98ce-4046-a08d-f1d189db3335,9JN5H71KM56,SUP-8346
1b7d6be0-5f6f-4122-b473-61ae4395b0e5,8KU9TR3PN41,SUP-7754
4edd6ffe-d770-473c-aa9a-f5adde2487d5,7G38F75MW01,SUP-8237
ae344c91-6ce3-4c94-b9a7-820031c5269f,7Q95QQ3DE52,SUP-1418
39f41764-d292-4a34-9ed8-08e01e638d93,4EV3HQ3VP35,SUP-9436
3824733b-8164-400c-b66b-d0e408ac3797,8U34XQ9JY74,SUP-3257
705d2d1e-87fd-4c02-b71a-9237984c79ab,5Y53PQ9TX40,SUP-5540
a5d52b34-1840-4797-bad9-4b02a64c41d8,5C23DE9EF98,SUP-5567
4c7934fa-a30f-40b0-8cfc-4ec10ceb844a,3F60W50FK87,SUP-4272
8852fc47-6efb-40c6-90fd-b84b4a762337,6D55X45KW43,SUP-1508
3b2c47c8-90dc-4885-8afa-c45e11c1c719,3NT5FJ3TR49,SUP-4951
66b4160c-c44a-4336-aa41-614540bf4ae8,5PR8C75XX40,SUP-1554
9c07a9f6-f63a-4986-8e0d-3deb9a45c670,6P72KJ7PT74,SUP-2177
586cc994-8331-48e4-91b8-e8b854fe4562,9Y07RV4FH96,SUP-1350
28c7e482-791b-420b-9162-bf3a3d3e41d7,6F45PW9NR03,SUP-5189
735ab329-32b0-4b2d-aea6-e327cd22e3db,5JP2N32AD18,SUP-1146
8c97bea2-f178-4f7e-a2e6-e04c72d4d56a,3J57X18GM37,SUP-2926
4ef67145-193d-4082-864e-e3015be680bd,7VG5PC2QR66,SUP-0814
2e9be541-6716-49f7-ab6d-df2857863a7b,8YX6JD5GW63,SUP-7592
76a2c1b9-6739-42be-849b-7e118d0365d9,4JW8WY9VX25,SUP-8949
cbab6560-971e-4bb9-becf-eeb39772723b,4Q73TC2KC48,SUP-9871
e698abdf-b561-47e5-98df-b937cd755c97,9M00XM1EY36,SUP-2306
a75a81ed-4538-4ad6-8253-cae03ac249bc,1AY1YT9XY16,SUP-5990
416cc691-210b-4369-9846-236695a4ec21,5WA2EH7XW29,SUP-0486
a5437dc9-7439-49de-8130-0540f1f599ab,3WC6EG0GQ97,SUP-3773
cb4350c0-758d-4ee2-bc5b-47fc0c89d217,8UP3V81GX98,SUP-9284
59031f15-231d-4759-a289-294f3b0c7eea,7CC2A19HM05,SUP-5688
90e2ad01-3a89-4b38-a1a7-fd052a6d25d6,6QG8JC4GC89,SUP-8040
1b033e2d-d56d-4ab8-91ba-605e19d6e326,7V26T67CM27,SUP-0734
fe4b29f1-4770-4f20-85f0-5b38e65dcfd7,6A01T06YT99,SUP-3954
1c3e21bb-3b14-403c-bfdf-992c4178bdd3,8E45VQ8XU75,SUP-0910
890578f6-0475-4772-a66c-5bf216f5a54b,7YX6JV3VY58,SUP-9360
4787bb0d-4179-4861-bbd2-6eca8d2eeb95,5QQ7AP1KD79,SUP-4366
2aa88505-a2f6-4dfc-9b40-36eacd0cc9c2,7PP1PK4XV31,SUP-9734
90528f25-183a-4fcf-896d-59d705b5a5ad,1WX8N42WK96,SUP-8949
1a912ea7-3282-4b9e-b813-b1309fa4f673,4YC6WQ1UJ19,SUP-0910
92812f9a-76dd-4f08-8ad0-ee8135ede5af,5H22EA5QF19,SUP-3773
35c6b4aa-182c-4e3a-b8c9-829dd92423ad,7EK7H20AX15,SUP-1901
16dcbabb-0f20-4f66-b67b-93fb7184ab7b,8QV0KJ2QW80,SUP-9951
8beb44cf-bce5-49a3-a5f1-5d9106ee4ee7,5W78VN6QU00,SUP-5688
bd607c8a-a54d-456d-a6b3-2882fd29fcb1,1G99HH1MV77,SUP-1693
5066282f-0594-4c0f-8e67-fd635e9603ad,1QQ9HK5NK24,SUP-3954
e42c9d43-55b8-461a-ada3-7ae49f5c281e,5RT0PY9CT34,SUP-2177
0542ee07-d27e-476d-9a5a-61df1ae9bd85,6EN7VQ7GM83,SUP-9436
3f223a66-ec97-4ed8-8561-de51cbd4ad6d,6EJ5TD9PU38,SUP-9871
df46d153-f7fa-4db4-97ff-525f56151538,3HK1CE6CM71,SUP-2926
deb64fd6-d03d-4ba5-b7ac-d27016938b48,5QX6J09AE98,SUP-1508
cad9d189-0530-4a89-8109-2bf42f8e100d,4N48KJ3JN17,SUP-4487
b93c0324-5280-4d73-8bf9-ddb5d9ce24db,7M62WG5XW11,SUP-4951
249d39fe-b801-4f77-8c8c-5410a0417fc6,9GM6YH1DP96,SUP-2437
e721e0c1-f308-4362-8f6e-399f58aedde9,9Y07RV4FH96,SUP-8344
498e732a-27f3-4e99-824d-55411bdc3711,4X94FE1NX51,SUP-5567
e1ee59be-00f5-4109-8203-4501f7d9dd6b,3WC6EG0GQ97,SUP-3534
669c0c51-0d68-46f1-95f6-70bddefd0ab6,5QM8R73DK20,SUP-8387
25901e60-19c2-48c1-960a-9814787c15f1,7UE9C08FC49,SUP-8237
4cf081a1-ee94-4b9d-8672-3045f274ea33,4YX9RY9VQ64,SUP-1350
5cf996e2-a249-4925-bdc2-35c691046046,8MN1QU7XR80,SUP-7754
4244981d-fc6e-4997-a8a9-384ddb013221,8G98PF3MQ84,SUP-2306
57a83dcb-262f-4685-86ee-f56a66da8a17,4P70D43KJ21,SUP-8346
63e58e22-5076-4343-b950-a80dcf26100f,2MC7UA7GP29,SUP-0734
86c0aceb-be1c-4c7c-9455-80cf0ff63106,5FC5M45GX91,SUP-7592
b1cc0578-449d-4d16-8708-1d3f6191aac6,9MC2DU9NW30,SUP-8748
81bf3866-0659-4a66-992e-2287ba1dabbe,7GA3X94UN53,SUP-9284
1adb67e7-df40-4fe6-9a3e-b7428f7c80e5,9D84K70JQ44,SUP-2926
bf2c5d9e-132e-4f57-99e3-fb61aebd7e68,9RU9UX1NP15,SUP-8949
82c4a78b-6449-42a7-a07d-3a7adc4c7433,4M59XQ5DU67,SUP-0230
662d983d-6c51-4bde-b5d9-3d446c2f9c15,1RC7AJ0EW94,SUP-0814
d25715be-2b96-4ca2-90b2-bf6500814cd2,7V66AP9QD71,SUP-4272
b6b05dca-13a0-4803-95cb-4977c455fc58,9AD6JH5RP49,SUP-9360
7fdc756d-5dd0-4d4b-b279-13b0ca8a96f5,4AC6DA1GV75,SUP-7592
c81c4194-cdf1-4503-b6e8-1d5538792da3,3JV5EG1DY65,SUP-5189
75c0e9af-e514-48c9-ab3b-d40ccc251ca2,7MH5G17KH74,SUP-8344
59cd37c0-88ed-4477-93bb-93dd05176819,2W39PW3WE99,SUP-7699
ba946e44-1aec-4a2e-80cb-956cb6507f21,2X09PF4XA70,SUP-1508
3a8fb5db-3d20-4c2a-865d-2feba7d7f8cf,8GD3CX2EH91,SUP-9871
c5b41cd6-015f-45b2-a0e2-2b5019adfa7a,4C01HM9NY77,SUP-5990
d37e35be-0ec0-4a84-8b17-77270661bef4,6W34TU8QJ81,SUP-0486
d036fa7a-7c05-4529-90d2-4518eaba12ed,7WP4FG0HW44,SUP-2437
6d14fcdc-224c-4f9a-8d7e-f4c0227e6f8c,7FR2W32HC29,SUP-8387
7f4d119f-8c76-4ea0-a815-bc1222304403,3HV3NR7AJ50,SUP-8040
48acc189-0897-481a-9550-5b1ad18cc009,8PE2M70GJ06,SUP-1693
2e130977-65b5-4da1-8b1e-62724bcd9904,6TX2UD3WR44,SUP-8346
43a29b2e-7ce8-4698-8e4d-dc9ea2ee8124,8JJ5C11DH17,SUP-5688
d959058b-c600-42ce-b1e0-cbeba6f36d6b,4DW4EV0DV51,SUP-1901
ddd43291-ae43-40e0-bc37-2bb21d1d5c09,7PP1PK4XV31,SUP-0800
2d58eee9-8600-4850-9925-edf3d806210a,3DJ5JP3HW95,SUP-9436
f7c784a3-5373-4afa-86d5-537ef73813cd,1QU0CV5EP65,SUP-2306
6abfba24-ef22-420e-a6b0-9dc9c1f9b442,7EK7H20AX15,SUP-0734
94055eef-59d8-4805-b00d-ca1a7392332b,2G18MM8MU27,SUP-3534
4f9b53f2-2e94-4b15-8242-71181b3cf051,9CM6N39GF00,SUP-3257
b80f747b-faf7-4be2-92f3-b3770d999349,2G84DN0DG35,SUP-4487
adde52b2-a0ab-4425-801b-90a8358614eb,9YG7J46PP05,SUP-1418
36af2826-4031-47e3-bedb-510a872fca99,6M65CD8XJ95,SUP-9951
1b7b9285-addd-46c8-8432-6ec85a23836d,8NC3DD5YQ60,SUP-1693
25e11cec-b9d2-4ec6-a8ae-a6136b8452ee,9E76V77EA17,SUP-8040
cbfd1761-3adb-471c-888a-6546c4bba315,2JA5G96EE59,SUP-0800
5e01e9aa-4402-49b7-806a-73e294132951,3RM1UN7PM36,SUP-9871
d303f98f-5200-476b-8818-c6b3d4473e9b,5D50KJ3XX30,SUP-2437
66e4e12e-7d72-44d2-aec0-b34710eb4047,1FF7W91YY28,SUP-0230
26acc522-f5ee-4366-98f9-b13368351dc4,9EP3KV1UX48,SUP-0486
242db218-4b9a-473e-b8f1-836f473694dd,5PA4NX3EM03,SUP-5540
61871606-5b76-4984-a457-e37e76b53f19,5JR7U50TP33,SUP-9865
b1766db6-5b6c-4935-bab5-8ef3d6b0fc46,4PK2MP9GF81,SUP-2306
d3c90095-9c8b-4e98-9308-f7e9bbe90e66,2TU9KR2PM59,SUP-5189
399c7ae2-7b59-402b-b147-a536c4639018,7RN8AD3TC18,SUP-8949
f00549a0-45f6-4ad6-9975-138d2d323904,9NR4C31MA90,SUP-1554
3ebfadd7-2efc-48aa-82ed-115043e55be7,1C59U20AX12,SUP-8344
1045e0d8-6adb-479c-bedc-7589c57c2791,2JD8MP8KK14,SUP-1146
564d2717-618b-471d-96a0-9f28c67a5f1f,8G52AG0XQ10,SUP-8346
86f9c465-8a6b-46dc-ba17-877d2260796d,8NY6KK1JX47,SUP-8387
8dd1f24f-8dcd-403a-a18a-4e0a0c8d6f71,5FD6DC6DX05,SUP-0734
cb8d3840-53ca-43dc-8b34-2e6a91adaeb4,9M28ED4UF96,SUP-1350
ab38e157-701b-4f39-b138-49fe639e383c,2Y83HC8XG86,SUP-9881
6ded97ca-64e5-44e1-919a-1643423837d1,9W59QH8QP61,SUP-0814
f2217b82-721c-46b6-b9bc-b008ff72b109,4WR8C81VY42,SUP-2926
b3340a90-7013-4c24-9b83-bd26fa145514,1RG6PX7FP45,SUP-3257
0fecbdb6-2180-40b0-bd2d-555a11484601,8N71AF3UG35,SUP-4951
8c633f42-7032-4887-9161-f07098a1e352,3PA7YU6XY38,SUP-1508
e87fffdc-1862-4f2c-9a87-1c5e60cc0413,3ER8HA5WE92,SUP-4487
88013576-e038-4168-a461-152e9782e334,4HJ1DE9EK10,SUP-2177
ff275d33-8a77-4bb1-bb60-31a0839b842a,2P87FA4UX40,SUP-3954
798e623a-52de-40e1-a21b-677c64a8f273,3JV5EG1DY65,SUP-0910
b41ba1de-8397-4d8a-8f7e-665dbdb527bb,3UG4XF8RA04,SUP-5688
d6ea4416-f74f-4802-9b30-451efd782b5b,5R59YP9KQ98,SUP-4366
a2985ad7-2b1c-44c7-9057-40736c9d772d,3HK1CE6CM71,SUP-9871
61b6b406-ae48-43b6-8e84-cdda66a720ac,4UG0D71QA35,SUP-8346
96a2eb06-49f5-443f-8d9e-ea3bb3f168a2,6WJ0XK9AD33,SUP-9734
6f9fec22-f62b-4271-ae29-39d8917f6c86,3JV5EG1DY65,SUP-3257
003e4b8c-4c3e-48b0-92e1-a5beb2b81b43,8U55U70XP79,SUP-1554
a0652ef4-4bff-4cb4-b7eb-ef19eeed19de,9CM6N39GF00,SUP-1146
7bd7b894-8e69-4984-ac26-7fbe9589ee53,2X09PF4XA70,SUP-3954
7039abac-4a98-48ce-b04b-f3d62cda279b,1TH8YQ6EG33,SUP-1693
2ce0d420-081e-4982-9bf2-c9b587d519c2,2HA4TF5KT92,SUP-2926
f016c898-3f97-4fbc-8ced-f2a54a9d70e7,3J66JA8NF64,SUP-9865
71e80f69-75ad-4d64-9b2b-f7479ec574ee,8D88J81TR58,SUP-1508
0d589a2e-4d75-4bc1-a268-7fe431147503,8QV0KJ2QW80,SUP-3534
9a2d9cb2-27ab-4baf-9f00-b0ea612053cd,3PQ2QY4UE20,SUP-1350
f623d866-e437-496d-9699-edb5ca0efd88,6R68G35AH58,SUP-7592
a2b79dac-2d85-4892-88e8-6c4ffce44bdb,2H23W25TC16,SUP-4487
e19c7072-b11f-48a7-99ae-a3aaffc1174b,9M64R18AK70,SUP-7754
0df75946-42de-4137-8e46-f967c803024c,5JA0YU2UC76,SUP-0731
55213099-7fa4-4d55-8068-a3fe6095ef5e,7V26T67CM27,SUP-8344
271cca02-3cce-4df0-9555-9ce6330c5476,9HJ3CN7YQ61,SUP-7699
798bc027-19ad-4add-8d66-6d7995be517a,7KM9A34RU49,SUP-4366
7a301e6d-04e1-4c07-904b-7be3be060c96,6DK4RH0NR99,SUP-9284
f2b77737-24e2-4a7f-a878-4777b9393ce5,8EX1MC4KD98,SUP-9436
fa56d028-e01f-4545-a82f-901bc9e7390b,3TY8YJ9AH17,SUP-0814
2f554369-8522-46e4-8ab3-56f4ad466a6c,5RM7QJ7HJ00,SUP-9360
9b40ce28-e047-4917-b0fe-e2291636e9e5,4XR4RP9FY20,SUP-0800
a5a038c8-3d53-440e-a118-10fda55ad6cb,7K16W91DJ79,SUP-5189
b55bede1-fd05-4298-b753-8a09b0d3f4a0,3J57X18GM37,SUP-5688
62bce5c1-daf3-4f5a-8000-5e299a13ecc7,4W97VK1WR58,SUP-8748
4a148134-b03a-4c9d-a838-4f7e57e24fe6,5H22EA5QF19,SUP-1901
5df5679d-a799-4ad5-8cfa-80209d301a7d,5J89MV2FM72,SUP-9951
34cad00d-a6fd-4eaf-9442-d0e33936fc95,2K08Q63FC11,SUP-9881
4bd797c9-1e98-46dc-b22a-76fed2df6e75,4YA5E52NA53,SUP-1901
54b1f31c-e83b-4281-8eca-74b4639ef804,5WA2EH7XW29,SUP-8748
9340f681-2820-4c9c-b224-78a8e8557a52,9DX1KP2HH05,SUP-3534
be16556b-41da-46ad-b231-96a6ad743fdd,9XP3QJ2CR90,SUP-6460
3953251f-f8c0-4682-9edf-1ebca4fbb54f,5QN9WM9CF62,SUP-4272
bb497d50-c304-432f-a0b1-2cc8896dae7d,2G18MM8MU27,SUP-7592
ebe6f423-725b-4c22-b7ef-3ccdbb3e8996,6KW4QX9CX24,SUP-5688
2b4e100e-25b4-443c-b161-bd369d1b3345,6R09X61HK18,SUP-4951
7c12de3e-5aae-4a3b-8aa9-6eefa938719c,8CN5R18HT20,SUP-0814
d35558dc-6df7-45de-a715-bc849058f27b,9A47ND1PC64,SUP-9865
36049f43-dc35-4a17-9a2c-33fa9647f94f,4K10AC8QR67,SUP-0734
bf91425d-2fda-4306-b9aa-63e96a6b96ea,5UA7GX9MY51,SUP-8040
b56d68cf-cd16-48a8-a219-f4e07f001f00,9XD5A93XT90,SUP-4487
ee4af718-baa2-4c12-9191-f0639d59a240,5VA4MF9UH88,SUP-7754
204c5d86-45af-4187-8231-03f215fc756e,5QQ3Q59DJ76,SUP-3257
577371e2-11ed-4458-a20b-94c093098a68,9Y63MY0NN80,SUP-1350
9090c3b7-a2b7-4c2e-b39b-58768b260df1,9F20Y93EA65,SUP-2177
b2cd2eea-f80e-4b38-a895-54f69c21f3ac,1G99HH1MV77,SUP-8949
2a25c264-71a0-4183-a01f-4c1bc500b5d9,9EP3KV1UX48,SUP-2437
d2a36ae7-e7ff-4887-b0f9-7d9755e5c1a1,9XP7X28FU65,SUP-9360
8f1a5b45-3ee2-4b07-ad23-c5f0eaa40ff2,2WK9NV1DQ27,SUP-1418
19d3d121-1928-4f86-a297-18e30f53f3c7,2ME9T12TN91,SUP-9881
5b93a69e-aa39-44a6-9516-419b55fa04da,8JF2YD0GK60,SUP-9436
28701915-cc2a-48e7-9050-12b25c5ecad0,4GD8XD6JU59,SUP-1508
76ba7f87-41d6-4f2e-92c6-47cbf9310175,6ME8PM5XC97,SUP-4366
34dbf1b8-3c12-43dc-8cf7-e0aa10b8d1f9,5W59MH7RT31,SUP-8387
d057e739-9d48-4e19-b612-3f7b13e93828,9H56W84PM69,SUP-9284
abee9e3f-02af-43e8-821f-2dc1721a9053,7V66AP9QD71,SUP-5567
85baf8f7-a469-473a-b833-6dad1dd5617d,2FX8H59UY51,SUP-2306
542c6a4e-ecaa-4da8-ae29-bdf03efbfa95,8F61AD4XX51,SUP-5189
d42d9685-4c5e-4fce-9179-4f1b1f8fc24b,9V50N37YY07,SUP-9951
5f260dde-be7e-450f-8350-ea3f2de8097b,9M00XM1EY36,SUP-8344
f91cb783-7abd-4373-b66d-3fa4e2df2969,7V26T67CM27,SUP-0230
33c7c6f2-a6b6-448a-acd5-f8719bd6616b,4K58G33ND96,SUP-1693
87b22f2e-10eb-4ecb-938b-f0fb6c5a9ef8,5W78VN6QU00,SUP-8237
22096801-8121-4316-abba-0a44a73b4403,7EX5K85FE37,SUP-1350
762c0a9d-c8f7-4492-8f42-bbeba10d6615,8U42XX2NJ85,SUP-1418
fb818460-9ab2-4bf0-9c73-34a88e516ac2,7F84K22DW86,SUP-9871
62ecb8bd-8fd6-490b-9aa3-eb2440e0ac63,7UE9C08FC49,SUP-5567
de63e41a-120e-4ae0-9abc-6977825cee5e,1QJ7HE2FN41,SUP-6460
adc3809b-dcbe-441a-bf41-e126303c60d4,5UH0QG2HF21,SUP-9284
191c2063-401c-4c0a-94e4-737308b17e55,9CM6N39GF00,SUP-0910
bbd8f681-a2f9-40e0-b6f1-dd0e85e99c6f,6U53N56CA05,SUP-8387
0f196d4d-09ea-4406-9fde-fa44ffd1333f,2ED6T14QN97,SUP-9951
4ded970b-c864-4173-a6bc-c4e90c0b3159,1C59U20AX12,SUP-5189
4afe01b1-62d9-4c44-a18c-8fd9b42f4f45,5PM7MU4PK12,SUP-9360
1ac151bc-3ec9-40ae-bca8-4479efb555f9,8Q26TW4HE67,SUP-3534
88ff9510-7409-43f5-887d-0e303ca4d058,8G98XT9MV61,SUP-0731
4fe3e3dd-9aae-4bc0-b0c7-e42b8b3744fd,3RA9UQ9WQ66,SUP-7754
632d9341-c156-4ce0-a9b4-6e0d8b11d9f7,2VY1WG1QG42,SUP-9881
305ef08d-2855-474b-a76f-eba47ace3143,3RH2K34TV37,SUP-3773
db611db7-d875-4cb7-94a4-74a8639edf3e,3R94NV3XD34,SUP-4487
ef065437-9c95-41e7-b7cf-5245029beea3,5NQ3WX1HT79,SUP-8748
91ccafad-0dba-4e0d-b83d-a0fad99c179f,2H06Y36EJ11,SUP-0486
9510a62a-4198-4b8c-a397-4832a6601e94,3KF0GA2CJ67,SUP-3257
e019d748-419a-4ab9-9579-317f8d3caecb,3KQ9X44FM30,SUP-4366
22bf8a4a-693d-401f-9ea9-c9a883b48495,7V93YV3JX07,SUP-9734
74940080-c0cf-4dc0-8e5e-8b7871ff6de7,5JP2N32AD18,SUP-7699
a6f02914-ae13-4c3c-b8b9-9219d0838478,8R82TQ7GK73,SUP-1508
982eab8e-8d7e-4f79-aa34-5b87b37039eb,5FC5M45GX91,SUP-8346
3730a301-c5d5-4240-9ade-33653dc2c128,8WG7U31KD36,SUP-9436
8052d8c7-6676-44e3-85df-c5cc5a2225b0,6D30QT2RP42,SUP-0734
14b87530-b3e4-4577-a87b-c0dfa858b85e,8WY7WC5DD53,SUP-1693
d0535d25-c968-4759-931a-a757774dbba6,3JV5EG1DY65,SUP-8387
e9f3b5bc-3f9b-4f34-a4a9-d5d93b3172fb,7DF5V22QM20,SUP-1350
d8b3c675-43b8-4e5a-a03d-6b2e1b422276,3YG6F41XN77,SUP-2177
0db7b0db-ab11-4fbd-88d2-522b5fbdc19c,2AV5UY5QC14,SUP-8344
23245ee8-63e5-4d16-9d32-c8e5a3918bd9,9GM6YH1DP96,SUP-3954
121b78f1-d52f-434a-824a-30bf0aab7af7,8V00PF3NP07,SUP-8949
cff70098-ef0c-4781-acdc-2ac37e2340ec,8PQ8MJ2PR74,SUP-2926
3ccdf615-6d31-4db1-8d8d-d2b5724d0a40,8GE8TQ3UH06,SUP-2306
600cfaf9-3c1d-4d4e-a796-1b36f9b6a40f,2Y83HC8XG86,SUP-9871
85a97a67-e807-4e35-872e-b3b7443a0011,9DA2NV8MQ06,SUP-0734
f70a35c1-17ae-4a67-ae91-ed72b9573b38,9AA7UX3WY96,SUP-4366
2a57047d-0ac0-4bec-81c1-122de6b10325,5MC8N94EA53,SUP-5567
026c5947-741e-498b-adec-dc8e566ada5e,7M62WG5XW11,SUP-7754
95ecb16e-e73b-487a-ab2b-8f3f971a3231,7PP3KN6RY01,SUP-9284
51f1ee50-bae9-4a5e-843e-e3f0e3784498,2MC7UA7GP29,SUP-9881
d1f10a29-658c-443a-bf6f-38048da90542,7QE1P52FU43,SUP-5540
5e7ade3c-2dc0-40e6-bdbc-26b55d2700db,8YF6GE1AP62,SUP-1418
fd73e9b7-b695-4541-8189-bb0878ef6f4b,8AK5W15MU34,SUP-0230
6d9a9725-e942-4742-aee4-c68f44221e50,4J42PN5XR60,SUP-4272
46b490d6-7924-4d8b-be8e-4ee47fcced7d,3UG4XF8RA04,SUP-3257
703a24c4-bbcb-45ff-b8b5-b01b70e29de7,3A17JE0DA77,SUP-5990
0a88c2d7-8e8b-4c1c-81f6-c1f1db22e4ff,4Y69D74JG16,SUP-0814
cc2115ce-155d-4213-980c-36b0f2008607,3PQ2QY4UE20,SUP-9360
b6037e2b-53a4-4fd7-9f47-5c7cb2860f58,9Y63MY0NN80,SUP-0800
3fb83155-0066-45d7-9c6a-3e4365acce01,3K68VA7VG94,SUP-1146
0c1b6285-c7ce-4785-931c-f5ade0019d06,9V26H64GU48,SUP-7592
a755be3e-f9c5-44e7-8eb9-3eaeba32750f,1XD4F86QF89,SUP-8346
5cd0e307-61d0-4260-be5b-d33ab761871b,9KR1QM6PD32,SUP-2437
939b2472-87f6-4c2e-8614-329ca250dffb,7P71V08JQ73,SUP-1901
419b770b-45b9-4047-ac74-6906e55647fd,2NE5UU4QW56,SUP-6460
722e391b-9d10-4c47-b6e8-5dbf9b567fc4,6AF4WH1QJ70,SUP-9871
327eb203-2bf1-44e5-8d87-7584bc79a44a,4PC5DG5CX19,SUP-2926
86298c23-2e3c-414d-8184-010f8acfd17c,2JM5J55DJ14,SUP-9865
98c6a9c7-7135-4378-98bc-310867a40a2a,9N24D92HH27,SUP-1146
7cdd982e-584d-4ca7-8ee8-9a7fdfe604ff,4M13FJ7AM24,SUP-3257
cbdd041a-4ff9-4c17-bb69-4008c243e2ee,3F17KX9AN53,SUP-2177
1be13dab-3211-4415-9ca6-9344043d47ed,5QQ7AP1KD79,SUP-1693
7879f692-4186-4769-bb83-0ed53e9bf263,7N46TR5QE87,SUP-2306
4322e539-029b-46ab-8499-e214d7d0ae70,4GX4PR5AC75,SUP-7699
57022db7-7257-44f9-8bf4-f5db75eca6d4,8U42XX2NJ85,SUP-7754
098277c7-02ab-427d-be75-6cb47e72888f,9V26H64GU48,SUP-8040
e4946a42-49c9-42cb-a427-f079df607ba4,2QE7VT1AG92,SUP-8949
deb7affc-4f5e-42cc-bf9d-0eec60989f4c,5X05FN3KU76,SUP-0800
1379e57f-576c-442c-b320-0368a7fb6d9f,7NG8X94ED12,SUP-0814
8896cc83-a930-4f7e-a805-5c6d1841c1da,3VY8E25PQ31,SUP-1418
b64c39bc-ab84-4397-a7ed-e4cd49325af4,8HM3W66UA06,SUP-3954
9c380de3-c4f9-4e9d-8f00-51f3bf320c6f,4JP5V57ET01,SUP-1508
8fa03c6f-d13a-447b-bc50-2e93f5c508d2,4C01HM9NY77,SUP-1554
8735f41f-0d73-434e-ac8b-1e8d78ac8263,5KP0KK4HA28,SUP-8748
89165ee4-907c-4649-87bc-e519eb65cc58,2UQ5Q95DW79,SUP-4272
e79ac420-3a94-41f3-a841-8f7a4ef19e6e,9GM6YH1DP96,SUP-8346
c91a8a7e-1e5c-4e21-a453-23fb4f47688c,9EP3KV1UX48,SUP-0910
2cb8dfbc-bacb-48bd-aa92-98229a62213d,8TX0FW8UK55,SUP-7592
5b7016ae-b14a-499f-a286-b17f674fbf68,9F86AQ3EP30,SUP-5567
212af133-554c-4275-be00-40dcf3ce8ec5,8EG3G86GR08,SUP-0734
54acb9a9-a4eb-48b7-b03c-954a189012ce,2HE1FC2XR87,SUP-1901
f8a5c99f-6ed2-43bc-b13c-3324c47fb9b9,4XD5XX0MW88,SUP-9734
6853bd09-ba92-48a8-8375-b74fb9738f7a,1HD8YH0ED37,SUP-0230
87c283f7-0e6c-4182-946b-b9a690e52315,8FE7P16AA80,SUP-5540
ead0be91-1c32-4c43-8387-19775b143f39,4FP9RX6DG85,SUP-4951
afc6f666-7f08-4722-9881-0f154324423d,1QU0CV5EP65,SUP-0486
fb7de505-0d6d-44dc-859b-1ec9a63ae078,9M64R18AK70,SUP-2437
51fb1d19-7258-4770-8e89-3286728de849,1V91QH7MY05,SUP-0230
2c162d5c-a629-4048-a67e-992e6bc3ec9b,5Y85J61HT56,SUP-5189
53e86318-02cc-41a0-9348-1a25a7f4e688,4KF3TG7CU56,SUP-8387
8079048b-d797-4c52-90d4-05deecdb7c4c,5NC7AX0CP00,SUP-9865
b7415232-16ed-4cf0-9506-8fa201f3f49a,1CN3UE9HN07,SUP-7592
d9bf0941-8349-435d-afa7-b9cbfc325668,3WW6GU2XP43,SUP-0800
a77bedb8-61e8-4844-9705-670e99d0fce7,7PP3KN6RY01,SUP-5688
c0a2fe6b-24eb-421d-b822-fe8c7148b001,9G80J22PC86,SUP-0731
1b7da85a-8c36-4761-9384-038d96118913,5K51FF2YM52,SUP-4272
24d56835-9c9b-4365-b4b3-b4705eb768be,7KT8FN4UV52,SUP-9436
52e21131-dd70-4787-90cf-c2d19cf15ff1,4PC7AK5AR32,SUP-1508
d6fad94c-ee68-495c-b05a-713ef4dd031d,7G93QY5DC02,SUP-8237
a30c3c6a-fbb3-452a-840b-af7d8f138c70,7Y28X99QC60,SUP-7754
7f04f2e6-1658-4c6f-a485-37b0d39af953,4CU3M24DM48,SUP-2177
1fce24d2-0b4e-4c5c-8d65-405e320511d4,9DX1KP2HH05,SUP-4366
9c3498ec-5afa-4d99-9566-6818694f30b4,3NJ3EF6TA26,SUP-0814
7c364ada-0bef-42ca-b534-cb431408c7c3,7QE1P52FU43,SUP-2306
d8f09676-9bc4-462e-b21c-1b957b346f1a,5XD9CV0CR88,SUP-1418
7fc3a09a-8209-4d51-859c-5953bb9132c4,6M65CD8XJ95,SUP-8040
af34335a-9fca-43be-b43f-db8b33469e05,8QV0KJ2QW80,SUP-0734
bb88debf-5a8c-4491-80d4-4bb8c35da9d5,2D42PD0ED69,SUP-1901
d13ee841-a08d-4777-b083-d0ec4d6cd0d0,3W84RK0DY38,SUP-8949
3c83db63-80db-427a-b2ee-3896adab3ab5,1TJ0CN6UM48,SUP-0486
8b75d555-50fa-46ec-862f-23a41ecc4e3d,7GA3X94UN53,SUP-9360
2ad0e948-0ff1-4240-a824-76b76b9e944c,3HP2G33KF00,SUP-6460
e781489f-c95f-4135-a291-b876836f21da,9G13FT5VM03,SUP-1554
a8b90a4a-1778-492b-b98d-549878d4364a,5PM7MU4PK12,SUP-1693
2216bf4a-c386-4c23-92fd-2ae457b093cd,1AE7DJ8NM50,SUP-3773
038215ba-4fe5-4726-9224-3a9706bcdba5,5RK0M74WH25,SUP-9871
07549c0e-4530-48bf-b2f1-3f012e0ef38f,3UC7JV4FH47,SUP-2926
c5a90571-69c6-4428-a712-ecd0b7bf9b84,7M62WG5XW11,SUP-4951
e3245eac-44a4-4b76-93a0-5dc2523c1f80,4XR4RP9FY20,SUP-2177
79a39713-bac6-4950-ab14-7a57853ea05d,7KM9A34RU49,SUP-4272
3db2b6d8-1fd0-430f-aff9-d6be1848abad,9PJ0Q01CJ26,SUP-0800
e5329af8-da50-49c3-978c-2a8b3e57b26a,4M43E90KH12,SUP-4487
88403e67-9c0a-4bd9-a393-9f792d0d92e8,1NY7K25TJ35,SUP-8346
d70af13e-1583-4e54-b9f9-df52903d65a5,1AY1YT9XY16,SUP-1350
4fd0a077-d66d-4152-8510-e4732a1bb6d6,2H67N17AT32,SUP-9951
85ec4c85-c371-4a98-89dd-4df8c16f60b2,4AC6DA1GV75,SUP-9871
038626fd-3143-4cfb-b044-2abab3dcd33f,7FH6Y56DD78,SUP-5189
13af5d69-3855-42aa-ba36-eb65f96eace6,2R47FN8RH78,SUP-0734
d53b8d07-e20c-4428-88fe-eeaed647641c,9D03HN4JV37,SUP-8040
b266d16d-122d-452d-a120-fd3f6d5767d1,2FX8H59UY51,SUP-3257
9c0b899b-36d0-4aaf-b03a-1c67f857bbf7,1AE7DJ8NM50,SUP-1693
7e0f7d5c-de70-4076-94a2-e07a83aeac68,4MR5AT4DF56,SUP-2926
889fe030-8719-4f9e-8adb-e4b7e388f634,3TT7QY3EG29,SUP-0731
2d2f263e-6fa0-4774-86ca-d0dfa0c18f5d,6CD0D67HH31,SUP-8344
9545ca6f-0a88-40fe-ae41-90a983539dcb,8U42XX2NJ85,SUP-5990
cb2437c0-328f-4c33-9753-e6b57d3e11c9,4VH6EA3CM55,SUP-1508
a9dcf941-1858-4ba4-a5ef-022c04fa693d,1G99HH1MV77,SUP-9881
fe71ac6d-6552-466c-9870-1fd4173a494a,8Q75CP3YD03,SUP-8387
5e72c97f-2d1e-46cc-b61f-417a746f5c8b,4J84R17QV51,SUP-8237
0929360f-88ce-43cb-b61d-c2e5db59b1a8,9D37G76UT96,SUP-1554
3dc7f87d-c358-41c8-a048-e9cb2a71485a,9G37H04FN76,SUP-3773
7ce21b6d-ef4b-4ad8-be6e-2d68cbfafe44,9XP3QJ2CR90,SUP-7754
1d1b2412-8156-4ecb-b35a-bba6e77857e1,6X63CP1PH08,SUP-0486
288a4da6-1548-4e4d-acfc-d60b0d630109,9A47ND1PC64,SUP-3954
ab42c5fe-3411-4b9e-b648-134a7da2659f,5PJ2MP5JD87,SUP-9360
d4b8e018-6497-4722-b582-60c3a0dfd4de,3MN3RQ6PY70,SUP-4366
fd007948-6651-485f-8ae4-6da6f1a4a84a,7V93YV3JX07,SUP-0910
43382b06-d566-4054-a5de-22470da294db,7X04C38MN81,SUP-5688
465df8e7-ad20-4af5-8d57-7dc14799e2f8,1GY1A72KN97,SUP-1146
4734ccf3-7825-417a-96ed-dee8b656741c,6N70GD9KM62,SUP-2306
2d7ca5f1-9786-407b-b195-6025c378b53a,5Q38KJ1JV57,SUP-5567
a6cf0ad1-97cf-48d3-beb7-28a97e63874d,2T85WD0UV73,SUP-8748
ed00d9ee-bb33-45e6-b5ee-75084b2559f9,8PE2M70GJ06,SUP-6460
91560b52-b392-4013-9c64-434ce51e9ff2,1UT2E38PD63,SUP-9284
21408578-cde6-487a-9334-828489d99118,5C23DE9EF98,SUP-1418
4643248e-9057-4157-ae6a-d6e71c0637ae,1TJ0CN6UM48,SUP-7699
